order_id,order_date,customer_id,product_id,quantity,unit_price,discount_pct,sales_amount,payment_method,channel
10379,2025-01-01,32,8,4,3999,5,15196.2,Card,Online
11286,2025-01-01,18,17,2,2499,5,4748.1,UPI,Online
11412,2025-01-01,79,16,3,6999,0,20997.0,UPI,Online
11229,2025-01-01,21,21,2,2499,0,4998.0,Cash,Store
10458,2025-01-01,196,8,3,3999,5,11397.15,Net Banking,Online
10452,2025-01-01,16,9,4,799,5,3036.2,Cash,Online
10919,2025-01-01,152,8,1,3999,0,3999.0,UPI,Online
10709,2025-01-02,221,11,5,2499,0,12495.0,Net Banking,Online
10966,2025-01-02,133,7,5,499,5,2370.25,Card,Online
10883,2025-01-02,56,1,1,499,10,449.1,Cash,Online
10264,2025-01-03,134,3,5,3999,10,17995.5,UPI,Online
10592,2025-01-03,250,30,3,1999,10,5397.3,UPI,Online
10207,2025-01-03,144,29,2,2499,5,4748.1,Card,Online
10520,2025-01-03,178,27,2,1499,0,2998.0,Cash,Online
10160,2025-01-04,246,28,2,6999,10,12598.2,UPI,Store
11371,2025-01-04,130,26,1,3999,10,3599.1,Net Banking,Online
11172,2025-01-05,58,13,1,4999,0,4999.0,Card,Online
10777,2025-01-05,69,15,5,4999,0,24995.0,Card,Online
10145,2025-01-05,233,13,3,4999,0,14997.0,UPI,Online
10249,2025-01-05,98,23,4,799,0,3196.0,Net Banking,Store
10502,2025-01-06,69,4,4,1999,0,7996.0,UPI,Online
11413,2025-01-06,232,28,3,6999,5,19947.15,UPI,Online
10040,2025-01-06,232,4,2,1999,0,3998.0,Cash,Online
10733,2025-01-06,186,3,2,3999,0,7998.0,Net Banking,Online
10652,2025-01-07,49,6,5,9999,0,49995.0,UPI,Store
10091,2025-01-08,212,22,1,1499,0,1499.0,Card,Online
10008,2025-01-09,125,19,5,6999,0,34995.0,Net Banking,Online
10594,2025-01-10,154,3,3,3999,15,10197.45,UPI,Online
10336,2025-01-10,9,26,3,3999,5,11397.15,Net Banking,Store
10622,2025-01-10,57,30,5,1999,5,9495.25,UPI,Online
11060,2025-01-11,228,16,3,6999,10,18897.3,Cash,Online
10564,2025-01-11,61,22,3,1499,0,4497.0,Net Banking,Online
11141,2025-01-12,37,19,1,6999,15,5949.15,UPI,Store
10499,2025-01-12,57,14,3,4999,0,14997.0,UPI,Store
10137,2025-01-12,61,14,2,4999,0,9998.0,UPI,Store
10753,2025-01-13,243,11,3,2499,10,6747.3,Card,Online
11108,2025-01-13,125,20,1,1999,5,1899.05,Card,Online
11231,2025-01-13,44,30,1,1999,0,1999.0,UPI,Online
10714,2025-01-13,130,10,2,499,5,948.1,Net Banking,Online
10150,2025-01-14,94,14,1,4999,0,4999.0,Card,Online
10369,2025-01-14,200,3,4,3999,5,15196.2,UPI,Store
11193,2025-01-15,188,28,1,6999,5,6649.05,UPI,Online
11380,2025-01-15,227,22,5,1499,10,6745.5,Card,Online
11299,2025-01-15,171,6,3,9999,15,25497.45,UPI,Online
11439,2025-01-15,148,17,3,2499,20,5997.6,UPI,Online
10463,2025-01-16,49,21,5,2499,0,12495.0,Card,Online
10560,2025-01-17,117,9,4,799,0,3196.0,UPI,Store
10914,2025-01-17,56,26,5,3999,0,19995.0,Net Banking,Online
10839,2025-01-17,106,28,1,6999,0,6999.0,UPI,Online
10270,2025-01-17,100,3,3,3999,5,11397.15,UPI,Store
11233,2025-01-18,144,18,1,499,5,474.05,Net Banking,Online
10506,2025-01-18,240,16,1,6999,0,6999.0,UPI,Store
11469,2025-01-18,183,30,3,1999,0,5997.0,Card,Store
10879,2025-01-20,165,24,3,9999,10,26997.3,Cash,Store
10416,2025-01-20,27,13,1,4999,5,4749.05,UPI,Online
10653,2025-01-20,187,21,1,2499,5,2374.05,Net Banking,Online
11292,2025-01-20,3,26,4,3999,5,15196.2,Card,Store
10236,2025-01-21,134,30,3,1999,0,5997.0,Card,Online
11173,2025-01-22,63,26,3,3999,5,11397.15,UPI,Store
11008,2025-01-22,34,17,5,2499,10,11245.5,UPI,Online
10210,2025-01-23,87,8,1,3999,10,3599.1,Card,Online
10069,2025-01-23,243,24,4,9999,10,35996.4,UPI,Online
10422,2025-01-23,128,8,5,3999,0,19995.0,Cash,Store
11341,2025-01-24,12,24,1,9999,15,8499.15,Card,Store
10841,2025-01-24,247,6,5,9999,10,44995.5,Cash,Online
11309,2025-01-24,240,12,1,14999,10,13499.1,UPI,Online
10776,2025-01-25,64,23,2,799,0,1598.0,Cash,Online
11492,2025-01-25,12,20,5,1999,10,8995.5,Net Banking,Online
10080,2025-01-25,207,10,1,499,0,499.0,Net Banking,Store
10496,2025-01-26,157,14,4,4999,0,19996.0, upi ,Online
10433,2025-01-26,244,18,5,499,0,2495.0,UPI,Store
10751,2025-01-26,22,26,1,3999,5,3799.05,UPI,Online
10488,2025-01-27,54,2,1,4999,15,4249.15,UPI,Online
10240,2025-01-27,240,16,3,6999,5,19947.15,Cash,Online
10256,2025-01-27,30,24,4,9999,15,33996.6,Net Banking,Online
11382,2025-01-28,243,15,4,4999,0,,Cash,Online
10612,2025-01-28,102,1,1,499,5,474.05,Card,Online
10434,2025-01-28,17,20,2,1999,15,3398.3,Card,Store
10423,2025-01-28,235,15,1,4999,5,4749.05,UPI,Online
11475,2025-01-28,201,16,2,6999,0,13998.0,Net Banking,Store
10946,2025-01-28,54,25,2,4999,5,9498.1,UPI,Online
11284,2025-01-29,111,12,3,14999,10,40497.3,UPI,Online
11248,2025-01-29,213,25,3,4999,15,12747.45,UPI,Online
10623,2025-01-29,50,10,4,499,15,1696.6,Card,Online
10953,2025-01-30,199,6,5,9999,10,44995.5,UPI,Online
10237,2025-01-31,93,11,2,2499,5,4748.1,UPI,Online
11458,2025-01-31,18,23,4,799,0,3196.0,Net Banking,Online
10106,2025-02-01,7,30,3,1999,5,5697.15,Card,Store
10949,2025-02-01,103,28,4,6999,20,22396.8,UPI,Store
10771,2025-02-01,160,19,2,6999,0,13998.0,Card,Store
10585,2025-02-02,92,17,1,2499,15,2124.15,Card,Online
11430,2025-02-02,54,27,3,1499,5,,UPI,Online
10321,2025-02-02,49,19,1,6999,5,6649.05,Cash,Online
10972,2025-02-03,161,2,5,4999,10,22495.5,UPI,Online
10381,2025-02-03,29,4,1,1999,5,1899.05,UPI,Online
10440,2025-02-03,160,23,1,799,0,799.0,Net Banking,Store
10859,2025-02-03,73,11,2,2499,0,4998.0,UPI,Store
11343,2025-02-03,217,11,5,2499,5,11870.25,Net Banking,Online
11495,2025-02-04,114,19,1,6999,5,6649.05,Card,Online
11099,2025-02-05,212,21,3,2499,5,7122.15,Net Banking,Online
11301,2025-02-05,225,17,4,2499,0,9996.0,Card,Online
10426,2025-02-05,249,3,4,3999,0,,UPI,Store
10739,2025-02-06,34,4,2,1999,5,3798.1,Cash,Online
11410,2025-02-06,128,17,5,2499,5,11870.25,UPI,Store
10005,2025-02-06,201,13,1,4999,10,4499.1,UPI,Online
11282,2025-02-06,112,28,5,6999,0,34995.0,Cash,Online
10332,2025-02-06,233,24,3,9999,10,26997.3,Card,Online
11202,2025-02-08,215,15,2,4999,0,9998.0,Card,Online
10923,2025-02-09,114,24,5,9999,0,49995.0,UPI,Online
10804,2025-02-09,213,8,1,3999,15,3399.15,UPI,Online
10995,2025-02-09,73,27,2,1499,0,2998.0,Net Banking,Online
10881,2025-02-10,18,29,5,2499,5,11870.25,Cash,Store
10223,2025-02-10,146,30,1,1999,10,1799.1,UPI,Online
10185,2025-02-10,127,21,5,2499,5,11870.25,Card,Online
10025,2025-02-11,246,1,3,499,0,1497.0,Cash,Store
11449,2025-02-12,136,3,4,3999,0,15996.0,UPI,Store
10558,2025-02-12,45,10,3,499,5,1422.15,Card,Online
10066,2025-02-13,42,17,2,2499,10,4498.2,UPI,Store
10541,2025-02-13,106,21,1,2499,10,2249.1,Net Banking,Online
10821,2025-02-14,40,28,2,6999,0,13998.0,UPI,Store
10331,2025-02-15,49,1,3,499,5,1422.15,UPI,Online
10092,2025-02-15,99,29,1,2499,0,2499.0,UPI,Store
10298,2025-02-16,236,13,4,4999,5,18996.2,UPI,Online
10226,2025-02-16,218,10,3,499,0,1497.0,UPI,Online
11336,2025-02-16,195,5,5,1999,0,9995.0,Cash,Online
11287,2025-02-17,113,17,5,2499,0,12495.0,Card,Store
11499,2025-02-17,173,1,3,499,10,1347.3,Cash,Online
10901,2025-02-18,63,1,5,499,10,2245.5,Card,Store
10691,2025-02-18,175,18,2,499,10,898.2,UPI,Online
10513,2025-02-18,83,28,2,6999,10,12598.2,UPI,Online
11003,2025-02-19,16,11,3,2499,0,7497.0,Cash,Store
10779,2025-02-19,6,12,2,14999,5,28498.1,UPI,Online
10603,2025-02-19,191,9,5,799,15,3395.75,Cash,Store
10501,2025-02-19,184,1,5,499,5,2370.25,Net Banking,Store
11310,2025-02-20,239,15,5,4999,5,23745.25,Card,Store
11052,2025-02-20,192,16,2,6999,10,12598.2,Card,Online
11236,2025-02-21,103,27,5,1499,0,7495.0,Cash,Store
10660,2025-02-21,209,22,3,1499,10,4047.3,Card,Online
11423,2025-02-21,183,26,5,3999,10,17995.5,UPI,Online
11276,2025-02-22,213,25,3,4999,5,14247.15,Card,Store
10812,2025-02-22,77,4,5,1999,0,9995.0,Card,Store
11291,2025-02-23,32,10,4,499,10,1796.4,UPI,Store
10758,2025-02-24,51,1,1,499,10,449.1,UPI,Online
10850,2025-02-24,99,23,2,799,10,1438.2,Card,Online
11472,2025-02-24,211,7,3,499,5,1422.15,UPI,Store
10708,2025-02-24,249,11,2,2499,0,4998.0,UPI,Online
11442,2025-02-24,232,14,4,4999,15,16996.6,Card,Online
10406,2025-02-25,58,28,2,6999,0,13998.0,UPI,Store
10259,2025-02-25,2,23,3,799,10,2157.3,Net Banking,Store
11393,2025-02-26,121,3,3,3999,0,11997.0,UPI,Store
10420,2025-02-26,130,27,3,1499,5,4272.15,Card,Online
11485,2025-02-26,71,16,3,6999,5,19947.15,Card,Store
10329,2025-02-26,182,21,2,2499,5,4748.1,Card,Online
10700,2025-02-27,209,20,3,1999,5,5697.15,UPI,Store
11445,2025-02-27,24,2,2,4999,10,8998.2,Card,Store
10797,2025-02-27,41,6,1,9999,10,8999.1,UPI,Online
11147,2025-02-27,92,7,5,499,15,2120.75,Card,Store
11235,2025-02-27,104,25,3,4999,0,14997.0,UPI,Store
10136,2025-02-27,135,21,3,2499,0,7497.0,Card,Store
10197,2025-02-28,35,14,3,4999,10,13497.3,UPI,Store
10825,2025-02-28,244,2,4,4999,10,17996.4,UPI,Store
11474,2025-02-28,112,22,3,1499,15,3822.45,UPI,Store
10242,2025-03-01,11,16,2,6999,0,13998.0,Card,Store
10436,2025-03-02,149,3,1,3999,5,3799.05,UPI,Online
10508,2025-03-02,39,22,2,1499,0,2998.0,UPI,Online
10459,2025-03-02,226,20,5,1999,0,9995.0,UPI,Store
10837,2025-03-02,156,15,5,4999,0,24995.0,Net Banking,Online
10786,2025-03-02,212,9,1,799,5,759.05,UPI,Online
11214,2025-03-03,110,29,1,2499,5,2374.05,Card,Online
10454,2025-03-03,206,2,5,4999,5,23745.25,Card,Online
10549,2025-03-03,52,9,3,799,5,2277.15,UPI,Online
10291,2025-03-04,136,20,4,1999,0,7996.0,Card,Store
11476,2025-03-04,239,26,1,3999,0,3999.0,UPI,Online
10186,2025-03-04,116,30,3,1999,15,5097.45,UPI,Online
11185,2025-03-04,182,25,5,4999,10,22495.5,Net Banking,Online
11184,2025-03-05,56,19,3,6999,5,19947.15,Card,Online
11334,2025-03-06,153,26,3,3999,0,11997.0,Card,Online
11239,2025-03-06,202,21,3,2499,5,7122.15,UPI,Store
10916,2025-03-06,178,22,4,1499,0,5996.0,Net Banking,Store
10313,2025-03-07,192,15,3,4999,0,14997.0,Net Banking,Store
10846,2025-03-07,127,20,5,1999,0,9995.0,Card,Online
10020,2025-03-07,33,14,4,4999,10,,Card,Online
10127,2025-03-07,15,22,5,1499,0,7495.0,Card,Store
11480,2025-03-08,29,27,4,1499,5,5696.2,Cash,Online
10589,2025-03-08,6,19,3,6999,0,20997.0,Net Banking,Online
10208,2025-03-09,48,4,5,1999,15,8495.75,UPI,Online
10575,2025-03-09,176,7,5,499,0,2495.0,Card,Online
10580,2025-03-10,59,14,4,4999,0,19996.0,Card,Store
10898,2025-03-10,221,18,3,499,10,1347.3,Card,Online
11050,2025-03-10,20,16,3,6999,0,20997.0,UPI,Online
10775,2025-03-11,30,21,2,2499,5,4748.1,Card,Online
10600,2025-03-11,198,11,2,2499,10,4498.2,Card,Store
10976,2025-03-12,223,29,2,2499,5,4748.1,UPI,Store
11074,2025-03-12,156,15,2,4999,5,9498.1,UPI,Online
10896,2025-03-13,245,3,4,3999,0,15996.0,Net Banking,Store
10746,2025-03-13,231,2,1,4999,20,3999.2,UPI,Store
11055,2025-03-13,189,16,4,6999,5,26596.2,UPI,Store
11401,2025-03-14,178,29,1,2499,10,2249.1,UPI,Store
10615,2025-03-14,191,1,1,499,15,424.15,UPI,Online
10865,2025-03-15,85,15,3,4999,0,14997.0,UPI,Online
11450,2025-03-15,38,18,3,499,0,1497.0,Card,Online
10328,2025-03-15,195,8,2,3999,10,7198.2,Net Banking,Store
10789,2025-03-15,64,17,3,2499,0,7497.0,Card,Online
11177,2025-03-15,40,22,1,1499,0,1499.0,UPI,Online
10312,2025-03-16,177,13,5,4999,0,24995.0,Card,Online
11348,2025-03-16,62,8,1,3999,0,3999.0,Card,Online
10806,2025-03-17,57,16,1,6999,10,6299.1,Card,Online
11180,2025-03-17,213,1,3,499,0,1497.0,UPI,Online
11078,2025-03-17,174,29,5,2499,10,11245.5,Card,Store
11204,2025-03-17,234,6,4,9999,5,37996.2,UPI,Store
10498,2025-03-17,187,3,4,3999,15,13596.6,Card,Online
10415,2025-03-18,206,23,2,799,15,1358.3,Card,Store
10157,2025-03-19,62,8,4,3999,5,15196.2,Card,Online
10060,2025-03-19,87,30,5,1999,0,9995.0,Net Banking,Online
10933,2025-03-19,217,30,2,1999,5,3798.1,Card,Online
10582,2025-03-20,191,10,3,499,5,1422.15,Net Banking,Online
10033,2025-03-20,167,19,4,6999,20,22396.8,Cash,Online
11272,2025-03-20,146,30,1,1999,0,1999.0,Card,Store
11489,2025-03-20,47,18,3,499,0,1497.0,Net Banking,Online
10577,2025-03-22,216,8,1,3999,10,3599.1,Cash,Online
10905,2025-03-22,59,12,4,14999,5,56996.2,UPI,Online
11300,2025-03-22,38,15,2,4999,5,9498.1,Card,Online
10647,2025-03-23,154,17,4,2499,0,9996.0,UPI,Online
10668,2025-03-23,203,3,2,3999,10,7198.2,UPI,Store
11033,2025-03-23,106,19,3,6999,0,20997.0,UPI,Online
10545,2025-03-23,146,22,5,1499,10,6745.5,UPI,Online
10494,2025-03-24,50,30,5,1999,0,9995.0,Cash,Online
10074,2025-03-24,141,1,3,499,10,1347.3,Net Banking,Store
10451,2025-03-24,180,15,4,4999,0,19996.0,Cash,Online
11278,2025-03-25,39,23,5,799,0,3995.0,Net Banking,Online
10940,2025-03-25,217,25,1,4999,5,4749.05,UPI,Store
10507,2025-03-25,201,3,3,3999,0,11997.0,UPI,Store
10983,2025-03-25,33,18,1,499,5,474.05,Cash,Online
10016,2025-03-25,100,1,5,499,0,2495.0,UPI,Online
10978,2025-03-25,203,25,3,4999,20,11997.6,Net Banking,Store
10376,2025-03-26,217,27,1,1499,0,1499.0,Card,Online
11192,2025-03-26,146,27,2,1499,0,2998.0,UPI,Online
10199,2025-03-26,146,11,3,2499,10,6747.3,Net Banking,Online
10917,2025-03-27,81,12,2,14999,15,25498.3,UPI,Online
10625,2025-03-27,18,4,1,1999,10,1799.1,Card,Online
11219,2025-03-27,230,28,2,6999,0,13998.0,UPI,Online
11397,2025-03-28,126,25,2,4999,5,9498.1,Cash,Online
10824,2025-03-29,183,3,5,3999,5,18995.25,Card,Online
10665,2025-03-29,185,22,2,1499,15,2548.3,UPI,Online
10526,2025-03-30,120,7,5,499,5,2370.25,Net Banking,Store
10457,2025-03-30,187,17,5,2499,0,12495.0,UPI,Online
10878,2025-03-30,160,24,4,9999,5,37996.2,Card,Online
11403,2025-03-30,176,10,1,499,10,449.1,UPI,Online
11065,2025-03-30,63,14,5,4999,0,24995.0,Net Banking,Online
10748,2025-03-30,62,23,4,799,0,3196.0,Card,Online
11339,2025-03-30,56,20,4,1999,0,7996.0,UPI,Online
10911,2025-03-31,237,22,5,1499,0,7495.0,UPI,Online
10906,2025-03-31,152,18,1,499,0,499.0,Card,Online
10046,2025-03-31,83,1,3,499,10,1347.3,UPI,Online
10048,2025-04-01,113,19,5,6999,15,29745.75,UPI,Online
10566,2025-04-01,188,2,4,4999,0,19996.0,Card,Store
10607,2025-04-01,146,25,1,4999,10,4499.1,UPI,Online
10820,2025-04-01,196,28,4,6999,10,25196.4,Card,Online
11267,2025-04-02,172,1,1,499,20,399.2,UPI,Online
11298,2025-04-02,138,8,1,3999,5,3799.05,Net Banking,Store
11170,2025-04-02,190,29,2,2499,20,3998.4,UPI,Online
10163,2025-04-03,228,23,5,799,5,3795.25,UPI,Store
10403,2025-04-04,41,27,2,1499,5,2848.1,Net Banking,Store
11420,2025-04-04,44,6,3,9999,5,28497.15,Card,Online
11021,2025-04-05,110,14,3,4999,0,14997.0,Net Banking,Store
11073,2025-04-05,39,8,3,3999,15,10197.45,UPI,Store
10586,2025-04-05,125,13,1,4999,0,4999.0,Card,Online
10002,2025-04-05,202,16,5,6999,5,33245.25,Card,Store
11340,2025-04-06,178,9,1,799,0,799.0,UPI,Online
10144,2025-04-07,47,11,4,2499,15,8496.6,Card,Store
11338,2025-04-07,203,18,2,499,10,898.2,Cash,Online
11002,2025-04-07,18,26,2,3999,5,7598.1,UPI,Store
11117,2025-04-07,161,15,1,4999,5,4749.05, upi ,Store
11448,2025-04-07,247,22,2,1499,5,2848.1,Card,Store
11218,2025-04-07,247,28,1,6999,0,6999.0,Cash,Online
10375,2025-04-07,163,8,1,3999,0,3999.0,Net Banking,Online
10853,2025-04-08,241,15,4,4999,5,18996.2,Card,Store
11245,2025-04-08,108,19,5,6999,15,29745.75,UPI,Online
10672,2025-04-08,229,2,5,4999,0,24995.0,UPI,Online
10076,2025-04-09,189,14,1,4999,10,4499.1,UPI,Online
11351,2025-04-09,217,5,2,1999,0,3998.0,UPI,Online
10856,2025-04-09,62,7,3,499,0,1497.0,Card,Online
11453,2025-04-09,168,10,5,499,0,2495.0,Card,Store
10899,2025-04-10,195,6,4,9999,0,39996.0,UPI,Online
10609,2025-04-10,118,19,1,6999,0,6999.0,Card,Store
11355,2025-04-11,41,2,1,4999,5,4749.05,Card,Store
10315,2025-04-12,115,12,5,14999,5,71245.25,UPI,Store
10768,2025-04-12,227,4,5,1999,5,9495.25,Card,Online
10861,2025-04-12,64,26,4,3999,0,15996.0,Card,Online
10402,2025-04-12,169,3,3,3999,5,11397.15,UPI,Online
10633,2025-04-12,41,5,2,1999,10,3598.2,UPI,Store
10296,2025-04-13,211,12,3,14999,5,42747.15,UPI,Online
10504,2025-04-13,28,23,5,799,0,3995.0,UPI,Online
10930,2025-04-13,100,29,3,2499,0,7497.0,UPI,Online
11041,2025-04-14,200,28,5,6999,10,31495.5,UPI,Store
10621,2025-04-14,179,12,1,14999,0,14999.0,Card,Store
10493,2025-04-15,97,17,2,2499,0,4998.0,UPI,Online
11362,2025-04-15,232,5,2,1999,0,3998.0,UPI,Online
10148,2025-04-15,220,22,2,1499,15,2548.3,UPI,Online
10083,2025-04-16,46,5,4,1999,15,6796.6,Card,Online
11190,2025-04-16,66,11,4,2499,0,9996.0,UPI,Online
10085,2025-04-17,27,9,3,799,5,2277.15,Net Banking,Online
11436,2025-04-17,213,17,5,2499,0,12495.0,UPI,Store
10740,2025-04-18,246,2,4,4999,10,17996.4,UPI,Online
10674,2025-04-19,36,26,1,3999,0,3999.0,Cash,Online
10757,2025-04-19,33,17,1,2499,5,2374.05,Net Banking,Store
11064,2025-04-19,143,30,4,1999,5,7596.2,UPI,Online
11481,2025-04-19,89,13,1,4999,0,4999.0,UPI,Online
10055,2025-04-20,88,16,3,6999,0,20997.0,Card,Store
10334,2025-04-21,154,30,2,1999,0,3998.0,Card,Online
11086,2025-04-21,112,8,1,3999,5,3799.05,Card,Store
11319,2025-04-21,186,10,2,499,10,898.2,Card,Store
10766,2025-04-21,200,6,4,9999,0,39996.0,Net Banking,Store
10710,2025-04-22,10,16,2,6999,0,13998.0,Cash,Store
11466,2025-04-23,84,6,4,9999,15,33996.6,Cash,Online
10842,2025-04-23,60,29,1,2499,20,1999.2,Card,Store
11330,2025-04-24,110,11,5,2499,0,12495.0,UPI,Online
11444,2025-04-24,65,6,4,9999,0,39996.0,Card,Online
10910,2025-04-24,208,11,2,2499,5,4748.1,Card,Store
10444,2025-04-24,246,5,1,1999,0,1999.0,UPI,Online
11247,2025-04-25,134,8,3,3999,5,11397.15,UPI,Store
11493,2025-04-25,136,23,4,799,10,2876.4,UPI,Store
10715,2025-04-25,183,21,5,2499,0,12495.0,UPI,Store
10042,2025-04-25,234,24,4,9999,5,37996.2,Card,Store
11414,2025-04-26,243,25,3,4999,10,13497.3,Card,Online
10959,2025-04-26,111,28,1,6999,0,6999.0,Net Banking,Online
10958,2025-04-26,240,28,2,6999,5,13298.1,Card,Online
10680,2025-04-26,59,13,4,4999,0,19996.0,Card,Store
11440,2025-04-27,155,9,4,799,0,3196.0,Card,Store
10365,2025-04-28,66,16,3,6999,5,19947.15,Cash,Online
11432,2025-04-28,215,1,3,499,5,,Card,Store
10552,2025-04-29,206,30,2,1999,0,3998.0,Card,Store
10325,2025-04-30,181,15,3,4999,0,14997.0,UPI,Store
11164,2025-04-30,82,3,4,3999,0,15996.0,UPI,Store
11328,2025-04-30,5,23,5,799,0,3995.0,Net Banking,Online
11364,2025-05-01,51,25,4,4999,0,,UPI,Store
11269,2025-05-02,3,6,3,9999,5,28497.15,UPI,Online
10227,2025-05-02,222,10,2,499,0,998.0,UPI,Online
10809,2025-05-02,215,26,5,3999,0,19995.0,UPI,Store
11211,2025-05-03,57,11,1,2499,0,2499.0,UPI,Online
11285,2025-05-04,96,13,2,4999,10,8998.2,Net Banking,Online
10482,2025-05-05,127,16,4,6999,0,27996.0,Net Banking,Store
10449,2025-05-06,71,27,2,1499,0,2998.0,Card,Online
10473,2025-05-06,233,30,4,1999,5,7596.2,UPI,Online
10515,2025-05-06,48,14,3,4999,15,12747.45,Cash,Store
10626,2025-05-07,212,6,4,9999,0,39996.0,UPI,Online
11145,2025-05-08,162,7,3,499,0,1497.0,Net Banking,Online
10787,2025-05-08,159,27,4,1499,10,5396.4,Card,Store
10847,2025-05-08,127,13,1,4999,5,4749.05,UPI,Store
10082,2025-05-08,232,15,2,4999,15,8498.3,Card,Online
10261,2025-05-08,235,3,4,3999,5,15196.2,Cash,Online
10258,2025-05-09,15,25,4,4999,10,17996.4,Cash,Online
11179,2025-05-09,124,15,2,4999,15,8498.3,Card,Online
11263,2025-05-09,64,11,5,2499,0,12495.0,Card,Store
10356,2025-05-09,39,22,5,1499,0,7495.0,UPI,Store
10278,2025-05-10,78,24,5,9999,0,49995.0,Net Banking,Store
10579,2025-05-10,226,27,4,1499,0,5996.0,UPI,Store
10235,2025-05-11,52,18,2,499,0,998.0,Cash,Store
10017,2025-05-11,199,14,1,4999,0,4999.0,Net Banking,Store
10372,2025-05-12,201,4,1,1999,20,1599.2,UPI,Online
10512,2025-05-12,73,19,2,6999,10,12598.2,UPI,Online
11152,2025-05-12,9,24,2,9999,10,17998.2,Card,Store
10221,2025-05-13,62,13,5,4999,20,19996.0,Card,Store
10476,2025-05-13,93,12,2,14999,20,23998.4, upi ,Online
10094,2025-05-14,231,8,5,3999,0,19995.0,Card,Online
10679,2025-05-14,106,24,2,9999,10,17998.2,Net Banking,Online
10781,2025-05-14,129,7,3,499,5,1422.15,Card,Store
11223,2025-05-14,241,22,4,1499,0,5996.0,Card,Online
10862,2025-05-14,131,18,2,499,10,898.2,Card,Online
11457,2025-05-14,78,7,3,499,0,1497.0,Card,Online
11132,2025-05-14,118,1,5,499,15,2120.75,Cash,Online
10077,2025-05-14,134,4,3,1999,0,5997.0,Cash,Store
10876,2025-05-14,89,20,5,1999,0,9995.0,Net Banking,Online
10756,2025-05-14,118,11,5,2499,20,9996.0,Cash,Store
10485,2025-05-15,123,28,3,6999,0,20997.0,UPI,Store
10424,2025-05-15,110,22,4,1499,5,5696.2,Net Banking,Online
11070,2025-05-15,156,9,1,799,10,719.1,UPI,Online
10533,2025-05-16,96,1,2,499,0,998.0,Card,Online
10874,2025-05-16,247,22,5,1499,10,6745.5,Cash,Online
10383,2025-05-17,118,11,4,2499,5,9496.2,UPI,Online
11207,2025-05-17,95,17,2,2499,5,4748.1,UPI,Store
10788,2025-05-18,100,10,5,499,20,1996.0,Cash,Store
11369,2025-05-18,76,29,5,2499,0,12495.0,Cash,Store
10532,2025-05-19,78,13,4,4999,0,19996.0,Net Banking,Online
10822,2025-05-19,235,22,1,1499,0,1499.0,Net Banking,Online
10912,2025-05-19,7,14,2,4999,0,9998.0,Cash,Store
10630,2025-05-19,219,15,2,4999,5,9498.1,Card,Store
10395,2025-05-20,106,10,5,499,10,2245.5,Cash,Online
10277,2025-05-20,73,23,3,799,0,2397.0,UPI,Online
11096,2025-05-20,186,23,3,799,15,2037.45,UPI,Store
11158,2025-05-21,236,4,1,1999,0,1999.0,UPI,Store
11316,2025-05-21,120,12,4,14999,5,56996.2,UPI,Store
10774,2025-05-22,69,24,3,9999,20,23997.6,Cash,Online
11049,2025-05-22,221,25,1,4999,10,4499.1,UPI,Online
10149,2025-05-22,145,14,4,4999,10,17996.4,UPI,Store
11391,2025-05-22,235,25,2,4999,5,9498.1,Card,Online
11388,2025-05-23,213,6,1,9999,0,9999.0,UPI,Store
10472,2025-05-23,168,17,5,2499,0,12495.0,Net Banking,Online
10267,2025-05-24,218,14,5,4999,10,22495.5,UPI,Online
10852,2025-05-25,197,30,1,1999,5,1899.05,Cash,Online
11462,2025-05-25,189,24,5,9999,5,47495.25,Cash,Store
10591,2025-05-25,156,19,2,6999,0,13998.0,Card,Online
10429,2025-05-25,129,4,4,1999,5,7596.2,Card,Online
10671,2025-05-25,231,27,5,1499,10,6745.5,UPI,Online
10231,2025-05-26,34,7,1,499,10,449.1,Card,Online
10399,2025-05-26,47,24,1,9999,0,9999.0,UPI,Store
11303,2025-05-27,203,12,3,14999,5,42747.15,Card,Store
10093,2025-05-27,26,30,2,1999,0,3998.0,UPI,Online
11271,2025-05-27,231,3,5,3999,15,16995.75,Card,Store
10643,2025-05-27,108,7,5,499,0,2495.0,Cash,Store
11208,2025-05-28,133,25,1,4999,0,4999.0,Card,Online
11400,2025-05-28,185,26,4,3999,0,15996.0,Card,Store
10610,2025-05-30,124,28,3,6999,20,16797.6,UPI,Online
10461,2025-05-31,115,6,1,9999,0,9999.0,UPI,Online
11076,2025-05-31,34,20,2,1999,0,3998.0,UPI,Online
10292,2025-05-31,208,14,4,4999,10,17996.4,Net Banking,Online
11015,2025-06-01,10,25,1,4999,5,4749.05,UPI,Online
10764,2025-06-01,73,8,4,3999,0,15996.0,Card,Online
10162,2025-06-01,152,11,3,2499,0,7497.0,UPI,Online
10969,2025-06-03,31,21,2,2499,0,4998.0,UPI,Store
10521,2025-06-03,210,2,3,4999,0,14997.0,Cash,Online
11079,2025-06-03,155,10,1,499,0,499.0,Card,Store
11281,2025-06-03,58,28,5,6999,0,34995.0,Cash,Store
11081,2025-06-03,140,17,2,2499,20,3998.4,UPI,Store
10970,2025-06-03,113,15,3,4999,15,12747.45,Card,Online
11080,2025-06-04,169,9,4,799,0,3196.0,Net Banking,Online
10380,2025-06-04,87,10,3,499,15,1272.45,UPI,Online
10887,2025-06-04,154,4,2,1999,10,3598.2,UPI,Online
10179,2025-06-05,183,7,3,499,5,1422.15,Card,Store
10352,2025-06-05,60,4,5,1999,5,9495.25,UPI,Online
11189,2025-06-06,171,2,1,4999,0,4999.0,UPI,Online
10963,2025-06-06,93,30,2,1999,0,3998.0,UPI,Online
11163,2025-06-06,49,15,5,4999,0,24995.0,UPI,Store
11156,2025-06-07,39,20,1,1999,0,1999.0,Net Banking,Store
10200,2025-06-07,116,1,3,499,15,1272.45,UPI,Online
11389,2025-06-07,16,17,1,2499,15,2124.15,Card,Store
11368,2025-06-07,5,12,2,14999,5,28498.1,Card,Online
11199,2025-06-08,86,3,1,3999,15,3399.15,Card,Online
10531,2025-06-08,63,15,3,4999,0,14997.0,UPI,Store
11167,2025-06-08,78,29,5,2499,0,12495.0,Card,Store
11011,2025-06-08,184,11,5,2499,5,11870.25,Net Banking,Online
10453,2025-06-08,201,26,5,3999,0,19995.0,UPI,Online
10084,2025-06-09,150,30,2,1999,20,3198.4,Cash,Online
10790,2025-06-10,9,28,2,6999,0,13998.0,Card,Online
10421,2025-06-10,8,26,3,3999,0,11997.0,UPI,Store
10616,2025-06-10,139,13,5,4999,10,22495.5,UPI,Online
10551,2025-06-11,110,6,5,9999,10,44995.5,UPI,Store
10877,2025-06-11,89,9,4,799,10,2876.4,Card,Online
11225,2025-06-11,10,11,4,2499,5,9496.2,Card,Online
10308,2025-06-11,225,10,1,499,5,474.05,Net Banking,Online
10832,2025-06-11,187,25,5,4999,10,22495.5,Net Banking,Online
10209,2025-06-12,124,23,2,799,5,1518.1,UPI,Online
11243,2025-06-12,132,8,5,3999,20,15996.0,UPI,Online
10286,2025-06-13,24,9,1,799,0,799.0,Card,Online
10373,2025-06-13,216,12,1,14999,10,13499.1,UPI,Online
10370,2025-06-13,51,20,5,1999,20,7996.0,UPI,Store
10793,2025-06-14,197,28,1,6999,0,6999.0,Cash,Store
11437,2025-06-14,197,2,5,4999,10,22495.5,UPI,Online
10446,2025-06-14,118,10,3,499,0,1497.0,Card,Online
10337,2025-06-14,79,5,4,1999,0,7996.0,Cash,Online
10571,2025-06-14,92,30,2,1999,15,3398.3,Net Banking,Store
11022,2025-06-15,131,5,5,1999,10,8995.5,Net Banking,Online
10991,2025-06-15,207,27,1,1499,0,1499.0,Card,Store
10125,2025-06-16,213,7,2,499,5,948.1,Cash,Online
11157,2025-06-16,27,26,1,3999,0,3999.0,UPI,Online
10808,2025-06-16,13,3,1,3999,5,3799.05,Card,Online
11059,2025-06-16,163,5,2,1999,0,3998.0,UPI,Online
10156,2025-06-17,121,18,3,499,0,1497.0,Card,Online
10361,2025-06-17,38,6,4,9999,5,37996.2,Card,Online
10075,2025-06-17,190,3,4,3999,0,15996.0,UPI,Online
11325,2025-06-18,121,24,5,9999,0,49995.0,Card,Online
11279,2025-06-18,130,3,1,3999,20,3199.2,Net Banking,Online
11097,2025-06-18,193,8,4,3999,0,15996.0,UPI,Store
10749,2025-06-18,249,4,1,1999,10,1799.1,Net Banking,Online
10030,2025-06-19,148,18,1,499,0,499.0,UPI,Online
10432,2025-06-20,106,11,4,2499,0,9996.0,Cash,Store
10791,2025-06-20,22,17,4,2499,0,9996.0,Card,Online
11404,2025-06-21,183,16,4,6999,15,23796.6,Net Banking,Store
10004,2025-06-21,43,9,3,799,5,2277.15,Card,Online
11137,2025-06-22,148,22,1,1499,10,1349.1,Card,Online
10147,2025-06-22,241,10,3,499,15,1272.45,Net Banking,Store
10574,2025-06-23,110,23,1,799,0,799.0,Card,Online
10556,2025-06-23,91,19,4,6999,0,27996.0,UPI,Store
10546,2025-06-23,187,23,1,799,20,639.2,Net Banking,Online
11242,2025-06-23,83,13,4,4999,5,18996.2,Card,Online
10409,2025-06-24,226,11,5,2499,15,10620.75,UPI,Online
10405,2025-06-24,202,18,5,499,5,2370.25,UPI,Online
10497,2025-06-24,29,1,3,499,0,1497.0,Card,Store
11241,2025-06-24,107,6,3,9999,5,28497.15,Net Banking,Store
11100,2025-06-24,208,19,2,6999,0,13998.0,UPI,Online
10726,2025-06-24,48,19,1,6999,10,6299.1,Card,Online
10986,2025-06-24,244,29,2,2499,0,4998.0,Card,Online
11454,2025-06-24,169,26,1,3999,0,3999.0,Net Banking,Online
11122,2025-06-25,18,19,5,6999,0,34995.0,Net Banking,Online
11262,2025-06-25,45,27,5,1499,5,7120.25,UPI,Online
10920,2025-06-25,124,12,1,14999,5,14249.05,UPI,Online
10374,2025-06-26,155,29,4,2499,15,8496.6,Card,Online
11496,2025-06-26,35,4,5,1999,0,9995.0,Cash,Store
11253,2025-06-26,27,25,2,4999,5,9498.1,Cash,Online
10474,2025-06-26,241,24,3,9999,20,23997.6,UPI,Online
11277,2025-06-27,26,12,3,14999,0,44997.0,Net Banking,Online
10358,2025-06-27,16,2,1,4999,0,4999.0,UPI,Online
10219,2025-06-27,104,28,5,6999,5,33245.25,UPI,Store
11053,2025-06-27,52,1,4,499,0,1996.0,UPI,Online
11317,2025-06-28,193,15,1,4999,0,4999.0,Net Banking,Store
11062,2025-06-28,74,12,5,14999,10,67495.5,Card,Store
10065,2025-06-29,77,29,5,2499,0,12495.0,Card,Store
10885,2025-06-29,150,24,2,9999,10,17998.2,UPI,Store
11121,2025-06-29,31,5,2,1999,0,3998.0,UPI,Online
10484,2025-06-30,185,28,3,6999,0,20997.0,UPI,Store
11039,2025-06-30,189,2,1,4999,10,4499.1,UPI,Online
10115,2025-06-30,114,4,4,1999,0,7996.0,Net Banking,Store
10875,2025-07-01,99,6,5,9999,5,47495.25,UPI,Online
10747,2025-07-01,18,11,1,2499,15,2124.15,Net Banking,Store
10464,2025-07-01,215,8,4,3999,5,15196.2,Card,Store
11130,2025-07-02,124,28,2,6999,0,13998.0,Card,Store
10481,2025-07-02,93,9,2,799,0,1598.0,UPI,Store
10039,2025-07-02,95,23,2,799,5,1518.1,UPI,Online
11174,2025-07-03,227,21,1,2499,15,2124.15,Card,Online
11337,2025-07-04,131,3,3,3999,10,10797.3,Net Banking,Store
10112,2025-07-04,125,26,2,3999,15,6798.3,UPI,Online
10741,2025-07-04,42,9,3,799,0,2397.0,Card,Online
11293,2025-07-04,138,21,5,2499,5,11870.25,Cash,Online
10752,2025-07-05,189,18,2,499,5,948.1,UPI,Online
10130,2025-07-05,41,1,4,499,0,1996.0,UPI,Online
11431,2025-07-05,237,27,2,1499,10,2698.2,UPI,Online
10146,2025-07-05,149,11,2,2499,0,4998.0,Net Banking,Online
10870,2025-07-05,181,18,5,499,10,2245.5,Card,Online
10948,2025-07-06,133,4,2,1999,0,3998.0,Card,Online
11297,2025-07-06,85,17,3,2499,10,6747.3,Cash,Online
10944,2025-07-06,222,24,5,9999,0,49995.0,Card,Online
10300,2025-07-06,32,27,3,1499,5,4272.15,UPI,Online
11044,2025-07-06,83,24,4,9999,0,39996.0,Cash,Store
11461,2025-07-06,189,15,3,4999,5,14247.15,UPI,Store
10617,2025-07-07,161,23,3,799,5,2277.15,UPI,Store
11455,2025-07-07,215,17,5,2499,5,11870.25,Net Banking,Online
11000,2025-07-07,31,7,2,499,0,998.0,UPI,Store
10763,2025-07-07,60,30,1,1999,15,1699.15,Card,Store
10327,2025-07-07,143,29,3,2499,5,7122.15,UPI,Store
10342,2025-07-07,244,6,3,9999,10,26997.3,Card,Online
10681,2025-07-07,241,9,1,799,5,759.05,UPI,Store
10206,2025-07-09,35,2,3,4999,5,14247.15,UPI,Online
10353,2025-07-09,141,11,5,2499,0,12495.0,Cash,Online
10562,2025-07-09,99,2,5,4999,5,23745.25,Net Banking,Online
10377,2025-07-09,157,8,3,3999,10,10797.3,UPI,Online
10282,2025-07-10,72,26,4,3999,5,15196.2,Net Banking,Store
10727,2025-07-10,44,18,4,499,10,1796.4,Card,Online
11395,2025-07-10,160,10,2,499,0,998.0,UPI,Online
10333,2025-07-11,209,15,3,4999,10,13497.3,Card,Online
11252,2025-07-12,57,22,1,1499,10,1349.1,UPI,Store
10801,2025-07-13,154,11,1,2499,5,2374.05,Cash,Online
10655,2025-07-15,158,16,1,6999,5,6649.05,Cash,Online
11460,2025-07-15,119,11,1,2499,5,2374.05,UPI,Store
11456,2025-07-16,85,6,5,9999,5,47495.25,UPI,Online
10669,2025-07-16,245,10,1,499,5,474.05,Card,Online
10897,2025-07-16,121,12,5,14999,0,74995.0,UPI,Store
11023,2025-07-17,235,29,1,2499,15,2124.15,UPI,Store
11115,2025-07-17,240,20,4,1999,0,7996.0,UPI,Store
11411,2025-07-17,137,16,5,6999,0,34995.0,UPI,Online
10895,2025-07-17,153,10,5,499,0,2495.0,UPI,Online
11161,2025-07-17,101,22,3,1499,0,4497.0,Net Banking,Online
10542,2025-07-17,121,3,4,3999,0,15996.0,UPI,Store
10743,2025-07-18,164,6,3,9999,5,28497.15,Card,Store
10330,2025-07-19,112,30,4,1999,20,6396.8,UPI,Online
10022,2025-07-19,81,12,2,14999,0,29998.0,Net Banking,Online
11171,2025-07-19,39,14,5,4999,0,24995.0,Card,Store
10108,2025-07-20,186,8,3,3999,5,11397.15,UPI,Online
11326,2025-07-20,178,25,5,4999,15,21245.75,Net Banking,Store
11026,2025-07-20,112,28,3,6999,0,20997.0,Card,Store
10121,2025-07-21,221,10,5,499,0,2495.0,Card,Online
11249,2025-07-21,247,12,1,14999,5,14249.05,Card,Online
10241,2025-07-21,166,24,2,9999,0,19998.0,Net Banking,Online
10834,2025-07-22,206,22,2,1499,5,2848.1,UPI,Online
10937,2025-07-22,135,7,2,499,20,798.4,Card,Online
11377,2025-07-22,179,22,1,1499,0,1499.0,Card,Store
10907,2025-07-23,74,29,5,2499,0,12495.0,UPI,Online
10238,2025-07-23,249,28,2,6999,5,13298.1,UPI,Store
11385,2025-07-23,198,10,1,499,10,449.1,Cash,Online
10014,2025-07-23,96,4,4,1999,10,7196.4,Card,Online
10827,2025-07-24,15,26,4,3999,0,15996.0,UPI,Online
10742,2025-07-25,103,23,4,799,0,3196.0,UPI,Online
10718,2025-07-25,23,8,3,3999,10,10797.3,Card,Online
10688,2025-07-26,108,30,1,1999,0,1999.0,UPI,Online
10915,2025-07-27,230,2,1,4999,0,4999.0,UPI,Store
10255,2025-07-28,228,4,3,1999,5,5697.15,Card,Online
11375,2025-07-29,219,1,4,499,20,1596.8,UPI,Store
10563,2025-07-29,180,3,1,3999,5,3799.05,Card,Store
10438,2025-07-29,57,29,4,2499,15,8496.6,Card,Online
10129,2025-07-29,169,6,3,9999,0,29997.0,Net Banking,Online
10851,2025-07-30,209,12,2,14999,0,29998.0,UPI,Online
10355,2025-07-30,89,12,1,14999,5,14249.05,UPI,Online
11398,2025-07-30,39,5,2,1999,0,3998.0,UPI,Online
10731,2025-07-30,109,30,1,1999,0,1999.0,UPI,Store
10036,2025-07-31,108,11,4,2499,15,8496.6,UPI,Store
10599,2025-07-31,127,23,2,799,5,1518.1,Card,Online
11186,2025-08-01,72,7,3,499,20,1197.6,Card,Online
10143,2025-08-02,213,16,5,6999,5,33245.25,Card,Store
10891,2025-08-03,130,30,4,1999,5,7596.2,Net Banking,Online
10064,2025-08-03,24,14,4,4999,10,17996.4,UPI,Store
10982,2025-08-03,145,2,5,4999,5,23745.25,Card,Online
10322,2025-08-03,98,17,3,2499,10,6747.3,Card,Online
10253,2025-08-03,191,6,5,9999,0,49995.0,Net Banking,Online
11354,2025-08-03,114,12,1,14999,5,14249.05,Card,Online
11312,2025-08-04,124,19,5,6999,0,34995.0,Cash,Store
10448,2025-08-04,225,12,1,14999,10,13499.1,UPI,Online
11029,2025-08-04,42,8,5,3999,5,18995.25,Net Banking,Store
10724,2025-08-04,93,27,3,1499,5,4272.15,Net Banking,Online
10744,2025-08-04,101,30,5,1999,20,7996.0,UPI,Store
11261,2025-08-04,29,25,5,4999,0,24995.0,Card,Online
10664,2025-08-04,48,26,1,3999,10,3599.1,Cash,Store
10290,2025-08-05,177,2,3,4999,0,14997.0,UPI,Store
10636,2025-08-05,101,25,4,4999,0,19996.0,Net Banking,Online
11344,2025-08-06,119,8,2,3999,0,7998.0,Card,Store
10138,2025-08-06,242,6,5,9999,0,49995.0,Card,Store
10973,2025-08-06,78,19,3,6999,0,20997.0,UPI,Online
11104,2025-08-07,191,2,4,4999,5,18996.2,Net Banking,Store
11195,2025-08-07,3,16,2,6999,0,13998.0,Cash,Store
11110,2025-08-07,155,30,2,1999,0,3998.0,UPI,Online
10926,2025-08-07,217,6,1,9999,0,9999.0,Card,Store
11133,2025-08-08,243,9,3,799,0,2397.0,UPI,Online
10817,2025-08-08,151,26,3,3999,15,10197.45,UPI,Store
11043,2025-08-08,173,6,1,9999,10,8999.1,Card,Online
11494,2025-08-08,72,28,4,6999,10,25196.4,Card,Store
10272,2025-08-08,112,20,2,1999,20,3198.4,Cash,Online
11030,2025-08-09,117,19,1,6999,0,6999.0,Card,Online
10836,2025-08-10,188,18,3,499,0,1497.0,Net Banking,Online
11479,2025-08-11,48,18,5,499,0,2495.0,UPI,Store
10101,2025-08-11,234,1,3,499,10,1347.3,Net Banking,Online
10658,2025-08-11,101,9,5,799,20,3196.0,UPI,Store
11046,2025-08-11,172,12,3,14999,20,35997.6,Card,Store
10310,2025-08-11,243,16,4,6999,10,25196.4,UPI,Online
10465,2025-08-12,193,10,1,499,10,449.1,Net Banking,Store
11162,2025-08-12,157,28,4,6999,0,27996.0,Card,Online
10732,2025-08-12,120,26,3,3999,15,10197.45,UPI,Store
10845,2025-08-12,169,6,1,9999,10,8999.1,UPI,Store
10805,2025-08-12,19,30,1,1999,0,1999.0,UPI,Online
11327,2025-08-13,90,21,4,2499,5,9496.2,Net Banking,Online
10222,2025-08-13,21,12,2,14999,0,29998.0,UPI,Online
10689,2025-08-14,247,13,1,4999,5,4749.05,Cash,Store
10858,2025-08-14,185,17,4,2499,5,9496.2,UPI,Online
10279,2025-08-15,198,25,3,4999,0,14997.0,Card,Online
10161,2025-08-15,183,13,2,4999,15,8498.3,UPI,Online
10605,2025-08-15,178,4,4,1999,5,7596.2,UPI,Store
10455,2025-08-15,180,15,1,4999,0,4999.0,UPI,Online
10554,2025-08-15,61,22,5,1499,15,6370.75,UPI,Online
10987,2025-08-15,43,2,2,4999,5,9498.1,UPI,Store
11443,2025-08-15,32,24,2,9999,0,19998.0,Card,Online
10013,2025-08-15,240,23,2,799,0,1598.0,UPI,Online
10195,2025-08-16,198,24,2,9999,10,17998.2,UPI,Online
11260,2025-08-16,80,9,4,799,0,3196.0,UPI,Store
10450,2025-08-16,119,17,4,2499,0,9996.0,UPI,Online
11465,2025-08-17,128,24,4,9999,15,33996.6,UPI,Online
10648,2025-08-17,75,18,3,499,15,1272.45,Card,Online
10049,2025-08-17,243,8,3,3999,0,11997.0,UPI,Store
11040,2025-08-17,62,29,1,2499,0,2499.0,UPI,Store
11390,2025-08-17,154,20,4,1999,10,7196.4,UPI,Store
10344,2025-08-18,55,25,2,4999,10,8998.2,UPI,Online
10155,2025-08-18,127,2,3,4999,5,14247.15,UPI,Store
11194,2025-08-19,249,25,2,4999,0,9998.0,UPI,Online
11446,2025-08-19,174,16,4,6999,0,27996.0,UPI,Online
10303,2025-08-20,76,26,5,3999,0,19995.0,Net Banking,Online
11220,2025-08-20,227,18,3,499,15,1272.45,UPI,Store
10029,2025-08-20,8,7,3,499,0,1497.0,UPI,Online
11246,2025-08-20,48,7,5,499,5,2370.25,Net Banking,Online
11311,2025-08-20,218,10,2,499,5,948.1,UPI,Online
10811,2025-08-21,136,23,2,799,5,1518.1,UPI,Online
10407,2025-08-22,192,20,1,1999,15,1699.15,Card,Store
10657,2025-08-22,192,29,2,2499,10,4498.2,Net Banking,Online
10711,2025-08-24,53,8,4,3999,15,13596.6,Net Banking,Online
10466,2025-08-24,158,19,2,6999,0,13998.0,UPI,Store
10123,2025-08-24,248,28,1,6999,0,6999.0,UPI,Store
10977,2025-08-25,210,15,5,4999,15,21245.75,Card,Store
10414,2025-08-25,47,14,4,4999,0,19996.0,Net Banking,Online
10070,2025-08-25,98,11,4,2499,15,8496.6,Net Banking,Online
10894,2025-08-26,96,21,4,2499,15,8496.6,UPI,Online
11288,2025-08-27,201,4,3,1999,0,5997.0,Card,Online
10009,2025-08-27,133,10,5,499,0,2495.0,Card,Online
10388,2025-08-28,237,5,2,1999,10,3598.2,UPI,Store
10962,2025-08-28,159,16,3,6999,5,19947.15,Cash,Online
10190,2025-08-29,41,5,3,1999,0,5997.0,UPI,Online
11048,2025-08-29,215,1,1,499,0,499.0,UPI,Online
11105,2025-08-29,241,22,5,1499,5,7120.25,UPI,Store
11491,2025-08-30,34,14,3,4999,5,14247.15,UPI,Store
11127,2025-08-30,129,28,5,6999,0,34995.0,UPI,Store
10699,2025-08-31,185,4,1,1999,0,1999.0,Card,Online
10233,2025-08-31,92,9,1,799,15,,UPI,Online
11116,2025-08-31,133,23,4,799,0,3196.0,UPI,Online
10263,2025-08-31,181,15,2,4999,0,9998.0,Card,Online
10062,2025-09-02,95,2,3,4999,10,13497.3,Card,Online
10613,2025-09-02,113,29,3,2499,5,7122.15,Cash,Online
10154,2025-09-02,203,26,3,3999,0,11997.0,UPI,Online
10443,2025-09-03,150,15,3,4999,15,12747.45,Card,Online
10289,2025-09-03,32,26,2,3999,0,,UPI,Online
10027,2025-09-03,200,26,1,3999,5,3799.05,UPI,Online
11405,2025-09-03,46,16,2,6999,5,13298.1,Card,Online
10860,2025-09-03,170,15,4,4999,5,18996.2,UPI,Online
11352,2025-09-03,56,29,2,2499,0,4998.0,UPI,Online
11010,2025-09-03,207,7,1,499,10,449.1,Cash,Online
10301,2025-09-03,231,6,2,9999,0,19998.0,UPI,Online
10343,2025-09-03,205,7,4,499,5,1896.2,UPI,Online
10889,2025-09-04,25,26,5,3999,0,19995.0,Cash,Online
11187,2025-09-04,88,24,3,9999,5,28497.15,Card,Online
11213,2025-09-05,235,28,3,6999,0,20997.0,UPI,Online
11017,2025-09-05,103,24,4,9999,0,39996.0,Card,Online
10338,2025-09-05,40,5,5,1999,0,9995.0,Card,Store
10713,2025-09-06,225,13,5,4999,0,24995.0,UPI,Online
11307,2025-09-06,50,23,4,799,0,3196.0,UPI,Online
10428,2025-09-06,122,2,4,4999,0,19996.0,Cash,Online
11361,2025-09-06,142,6,1,9999,5,9499.05,UPI,Online
11175,2025-09-06,237,16,5,6999,10,31495.5,Card,Online
10823,2025-09-06,27,4,1,1999,0,1999.0,Card,Online
10773,2025-09-06,151,7,1,499,0,499.0,Cash,Online
10536,2025-09-06,138,11,2,2499,15,4248.3,UPI,Store
10525,2025-09-07,197,22,5,1499,10,6745.5,UPI,Store
11150,2025-09-07,184,13,3,4999,5,14247.15,Net Banking,Online
10974,2025-09-08,51,21,3,2499,0,7497.0,Net Banking,Online
10490,2025-09-09,187,13,4,4999,5,18996.2,Net Banking,Store
11477,2025-09-09,63,4,4,1999,15,6796.6,Card,Store
10183,2025-09-09,236,13,3,4999,0,14997.0,UPI,Online
10990,2025-09-09,231,20,1,1999,0,1999.0, upi ,Online
11244,2025-09-09,32,14,3,4999,0,14997.0,Card,Online
11159,2025-09-10,242,25,4,4999,0,19996.0,UPI,Online
11435,2025-09-11,50,6,1,9999,10,8999.1,Cash,Store
11379,2025-09-11,50,17,1,2499,0,2499.0,UPI,Online
10218,2025-09-11,203,6,2,9999,5,18998.1,UPI,Store
11324,2025-09-11,89,15,1,4999,0,4999.0,UPI,Store
11047,2025-09-11,162,10,1,499,0,499.0,UPI,Online
10924,2025-09-11,88,5,4,1999,0,7996.0,Card,Online
10045,2025-09-12,194,10,4,499,5,1896.2,UPI,Online
10469,2025-09-13,109,8,4,3999,0,15996.0,UPI,Store
11497,2025-09-13,53,18,2,499,5,948.1,UPI,Store
10938,2025-09-13,65,11,1,2499,10,2249.1,Card,Online
10772,2025-09-13,67,18,1,499,15,424.15,Net Banking,Store
10667,2025-09-13,57,3,4,3999,0,15996.0,UPI,Online
10738,2025-09-13,173,1,1,499,0,499.0,Cash,Store
10401,2025-09-14,44,28,5,6999,0,34995.0,Card,Store
10072,2025-09-14,54,30,5,1999,0,9995.0,Cash,Online
11424,2025-09-14,116,24,5,9999,5,47495.25,Net Banking,Online
10682,2025-09-14,70,24,4,9999,0,39996.0,UPI,Online
11433,2025-09-16,165,22,2,1499,10,2698.2,Card,Online
10996,2025-09-16,53,4,1,1999,5,1899.05,Cash,Online
10759,2025-09-16,44,10,2,499,15,848.3,Card,Online
11365,2025-09-16,153,17,4,2499,0,9996.0,Card,Store
11426,2025-09-17,236,5,5,1999,15,8495.75,Card,Online
11429,2025-09-17,25,16,2,6999,20,11198.4,Cash,Online
10511,2025-09-17,99,18,2,499,15,848.3,Net Banking,Online
11209,2025-09-17,168,28,2,6999,5,13298.1,UPI,Online
10390,2025-09-18,95,4,5,1999,0,9995.0,Card,Online
10172,2025-09-18,199,23,2,799,0,1598.0,UPI,Store
10765,2025-09-19,49,12,1,14999,10,13499.1,UPI,Store
10071,2025-09-19,216,3,2,3999,10,7198.2,UPI,Online
10769,2025-09-19,135,12,2,14999,0,29998.0,Net Banking,Online
11148,2025-09-20,193,14,2,4999,5,9498.1,UPI,Store
10778,2025-09-20,34,27,1,1499,0,1499.0,UPI,Store
10478,2025-09-20,107,18,4,499,0,1996.0,UPI,Store
10902,2025-09-21,193,23,4,799,5,3036.2,Cash,Online
10116,2025-09-21,2,9,1,799,0,799.0,UPI,Store
10487,2025-09-21,134,11,2,2499,0,4998.0,Card,Store
11386,2025-09-23,20,7,5,499,5,2370.25,UPI,Online
10001,2025-09-24,229,17,3,2499,10,6747.3,UPI,Online
10447,2025-09-25,124,29,5,2499,0,12495.0,UPI,Online
10462,2025-09-25,160,6,3,9999,0,29997.0,UPI,Store
10888,2025-09-25,219,9,1,799,0,799.0,UPI,Online
10214,2025-09-25,237,1,3,499,10,1347.3,UPI,Store
11126,2025-09-25,121,26,5,3999,0,19995.0,UPI,Online
10086,2025-09-25,168,15,4,4999,0,19996.0,Card,Online
11268,2025-09-26,17,20,4,1999,15,6796.6,UPI,Online
10090,2025-09-27,237,2,1,4999,15,4249.15,Cash,Store
10519,2025-09-27,43,16,1,6999,5,6649.05,UPI,Online
10323,2025-09-28,29,17,2,2499,0,4998.0,Card,Online
10784,2025-09-28,57,17,1,2499,5,2374.05,Card,Store
10489,2025-09-28,150,22,4,1499,0,5996.0,Card,Online
10326,2025-09-29,20,25,3,4999,10,13497.3,UPI,Store
10981,2025-09-29,243,26,2,3999,0,7998.0,UPI,Store
10132,2025-09-30,194,12,2,14999,0,,Net Banking,Online
10023,2025-10-01,55,23,4,799,5,3036.2,UPI,Online
11224,2025-10-01,68,17,1,2499,0,2499.0,Cash,Online
10349,2025-10-02,218,5,4,1999,0,7996.0,Net Banking,Online
10707,2025-10-02,91,2,5,4999,0,24995.0,UPI,Online
10061,2025-10-02,18,23,1,799,0,799.0, upi ,Online
10737,2025-10-03,185,18,4,499,0,1996.0,UPI,Online
11320,2025-10-03,57,18,1,499,0,499.0,Card,Online
10122,2025-10-03,220,16,4,6999,10,25196.4,UPI,Online
10588,2025-10-04,161,18,2,499,5,948.1,Net Banking,Online
11221,2025-10-04,146,5,4,1999,10,7196.4,UPI,Online
10187,2025-10-04,109,15,1,4999,0,4999.0,UPI,Online
11036,2025-10-05,66,21,2,2499,0,4998.0,UPI,Store
10211,2025-10-05,47,11,4,2499,10,8996.4,UPI,Online
10460,2025-10-05,108,12,3,14999,0,44997.0,Card,Online
10021,2025-10-05,164,10,4,499,10,1796.4,UPI,Online
11283,2025-10-06,169,7,3,499,5,1422.15,Card,Store
10412,2025-10-07,235,11,3,2499,5,7122.15,Net Banking,Online
10650,2025-10-08,43,3,5,3999,5,18995.25,UPI,Store
10266,2025-10-08,229,30,2,1999,0,3998.0,Net Banking,Online
11234,2025-10-09,160,15,5,4999,15,21245.75,Card,Online
10177,2025-10-09,177,28,3,6999,5,19947.15,Card,Online
10430,2025-10-09,120,20,5,1999,0,9995.0,Net Banking,Online
10553,2025-10-09,70,5,2,1999,10,3598.2,UPI,Store
10135,2025-10-10,54,22,3,1499,15,3822.45,UPI,Online
10886,2025-10-10,104,4,1,1999,10,1799.1,Cash,Online
10690,2025-10-10,109,5,5,1999,10,8995.5,Card,Online
11103,2025-10-11,10,15,1,4999,5,4749.05,UPI,Store
10819,2025-10-12,31,5,3,1999,5,5697.15,Card,Store
10656,2025-10-12,238,22,5,1499,20,5996.0,Card,Online
11447,2025-10-12,162,8,4,3999,0,15996.0,Card,Online
11402,2025-10-12,19,7,4,499,10,1796.4,UPI,Store
10770,2025-10-13,201,17,1,2499,15,2124.15,UPI,Store
11459,2025-10-14,104,26,2,3999,15,6798.3,Card,Online
10044,2025-10-14,98,29,4,2499,5,9496.2,Card,Store
10999,2025-10-14,47,22,5,1499,0,7495.0,Card,Store
10829,2025-10-14,47,8,1,3999,0,3999.0,Card,Online
10281,2025-10-14,129,16,4,6999,10,25196.4,Card,Online
10635,2025-10-14,33,10,2,499,5,948.1,UPI,Online
10165,2025-10-15,234,17,3,2499,0,7497.0,Card,Online
11488,2025-10-15,39,21,4,2499,10,8996.4,Card,Online
10927,2025-10-16,188,5,2,1999,0,3998.0,Card,Store
10961,2025-10-17,27,20,5,1999,10,8995.5,UPI,Online
10362,2025-10-17,143,25,3,4999,0,14997.0,UPI,Online
10890,2025-10-17,72,16,1,6999,5,6649.05,Card,Online
10872,2025-10-17,230,20,4,1999,0,7996.0,UPI,Online
10269,2025-10-17,177,2,3,4999,0,14997.0,UPI,Online
10471,2025-10-17,195,21,4,2499,0,9996.0,Net Banking,Online
11381,2025-10-17,59,1,4,499,5,1896.2,Cash,Store
11018,2025-10-18,221,19,4,6999,10,25196.4,UPI,Online
10134,2025-10-18,125,7,3,499,0,1497.0,Net Banking,Store
10639,2025-10-18,206,23,5,799,5,3795.25,UPI,Online
10928,2025-10-18,8,12,4,14999,15,50996.6,UPI,Store
10117,2025-10-18,142,13,5,4999,20,19996.0,UPI,Online
10311,2025-10-19,110,2,4,4999,5,18996.2,UPI,Online
11280,2025-10-19,152,14,5,4999,0,24995.0,UPI,Online
10523,2025-10-19,188,3,2,3999,10,7198.2,Card,Store
10695,2025-10-19,153,9,2,799,0,1598.0,Card,Online
10305,2025-10-19,98,28,2,6999,10,12598.2,UPI,Store
10871,2025-10-20,204,11,3,2499,15,6372.45,UPI,Store
10606,2025-10-20,4,23,1,799,20,639.2,UPI,Online
10892,2025-10-20,197,27,2,1499,15,2548.3,Card,Store
11321,2025-10-22,184,7,2,499,10,898.2,UPI,Online
10110,2025-10-22,214,16,5,6999,10,31495.5,Card,Online
11109,2025-10-22,21,3,4,3999,15,13596.6,UPI,Online
11306,2025-10-22,182,3,4,3999,10,14396.4,UPI,Online
11088,2025-10-23,103,14,3,4999,20,11997.6,Cash,Online
10350,2025-10-23,245,28,1,6999,15,5949.15,Net Banking,Online
10229,2025-10-23,90,19,3,6999,5,19947.15,UPI,Online
10818,2025-10-24,33,3,5,3999,0,19995.0,UPI,Online
11107,2025-10-25,136,14,1,4999,15,4249.15,UPI,Store
11313,2025-10-25,140,18,3,499,5,1422.15,Card,Online
11124,2025-10-25,129,21,3,2499,0,7497.0,UPI,Online
11089,2025-10-26,109,27,2,1499,10,2698.2,Cash,Online
10547,2025-10-27,28,3,2,3999,10,7198.2,UPI,Online
10467,2025-10-28,76,10,5,499,5,2370.25,UPI,Store
11374,2025-10-28,4,16,3,6999,0,20997.0,Net Banking,Store
10293,2025-10-28,32,14,5,4999,5,23745.25,UPI,Store
11222,2025-10-29,200,13,3,4999,10,13497.3,UPI,Store
10967,2025-10-29,26,23,4,799,5,3036.2,Card,Store
10192,2025-10-29,168,16,3,6999,0,20997.0,UPI,Online
10810,2025-10-29,217,28,4,6999,0,27996.0,UPI,Store
10595,2025-10-30,111,12,1,14999,5,14249.05,Card,Online
10335,2025-10-30,22,18,5,499,0,2495.0,UPI,Store
11305,2025-10-30,36,19,1,6999,5,6649.05,Card,Online
10908,2025-10-30,165,18,2,499,5,948.1,Card,Online
10634,2025-10-30,79,12,1,14999,5,14249.05,UPI,Store
10228,2025-10-31,159,3,3,3999,15,10197.45,UPI,Online
10099,2025-10-31,155,17,3,2499,15,6372.45,Net Banking,Online
10054,2025-10-31,165,24,1,9999,10,8999.1,UPI,Online
11001,2025-10-31,96,10,1,499,0,499.0,UPI,Online
10535,2025-11-01,177,27,2,1499,10,2698.2,Card,Online
10945,2025-11-02,75,25,2,4999,10,8998.2,UPI,Store
10357,2025-11-03,234,8,5,3999,0,19995.0,Net Banking,Online
11396,2025-11-03,143,8,1,3999,0,3999.0,UPI,Store
11032,2025-11-03,43,19,4,6999,20,22396.8,UPI,Online
10404,2025-11-03,109,4,2,1999,10,3598.2,UPI,Online
10382,2025-11-03,23,18,2,499,0,998.0,UPI,Store
11406,2025-11-04,213,30,2,1999,0,3998.0,UPI,Store
10159,2025-11-06,160,2,4,4999,0,19996.0,UPI,Online
11372,2025-11-06,238,21,4,2499,0,9996.0,UPI,Online
10642,2025-11-06,235,21,2,2499,15,4248.3,Net Banking,Store
10514,2025-11-07,133,19,4,6999,5,26596.2,Net Banking,Online
10729,2025-11-08,142,14,4,4999,5,18996.2,Net Banking,Store
10698,2025-11-08,95,27,4,1499,5,5696.2,Net Banking,Store
11273,2025-11-08,202,6,3,9999,10,26997.3,Net Banking,Store
11169,2025-11-08,73,18,2,499,10,898.2,Card,Store
10425,2025-11-09,70,19,4,6999,0,27996.0,UPI,Online
10601,2025-11-09,90,5,1,1999,0,1999.0,UPI,Store
10867,2025-11-10,114,26,3,3999,0,11997.0,UPI,Online
10314,2025-11-10,121,8,1,3999,15,3399.15,UPI,Online
11217,2025-11-11,113,18,1,499,15,424.15,Card,Online
11500,2025-11-11,104,3,5,3999,0,19995.0,UPI,Online
10735,2025-11-11,132,14,3,4999,10,13497.3,Net Banking,Online
10597,2025-11-12,209,1,1,499,10,449.1,Card,Online
10730,2025-11-14,103,21,5,2499,10,11245.5,Card,Online
11093,2025-11-14,83,19,5,6999,0,34995.0,UPI,Online
10828,2025-11-15,220,19,1,6999,5,6649.05,UPI,Store
10131,2025-11-15,109,13,1,4999,10,4499.1,Cash,Online
10761,2025-11-15,101,6,3,9999,0,29997.0,UPI,Store
11007,2025-11-15,8,28,2,6999,5,13298.1,Net Banking,Online
10385,2025-11-16,102,15,3,4999,0,14997.0,UPI,Store
11434,2025-11-16,95,9,4,799,10,2876.4,Card,Online
11160,2025-11-16,42,9,3,799,10,2157.3,UPI,Online
10598,2025-11-16,228,6,5,9999,10,44995.5,UPI,Store
10126,2025-11-17,142,6,2,9999,0,19998.0,Card,Online
11315,2025-11-17,231,9,2,799,15,1358.3,UPI,Online
10088,2025-11-17,14,4,1,1999,5,1899.05,UPI,Online
11205,2025-11-18,81,12,2,14999,0,29998.0,UPI,Online
10803,2025-11-18,63,12,2,14999,10,26998.2,UPI,Store
10393,2025-11-18,31,23,4,799,15,2716.6,UPI,Store
11035,2025-11-18,196,16,1,6999,0,6999.0,Card,Online
10516,2025-11-19,221,23,3,799,5,2277.15,UPI,Online
10366,2025-11-19,135,16,4,6999,10,25196.4,UPI,Online
10288,2025-11-19,217,13,5,4999,0,24995.0,Card,Online
10578,2025-11-21,93,15,4,4999,10,17996.4,Card,Store
10614,2025-11-21,143,3,5,3999,10,17995.5,UPI,Store
10320,2025-11-21,91,11,1,2499,0,2499.0,UPI,Online
10624,2025-11-22,199,7,2,499,10,898.2,UPI,Store
10158,2025-11-23,142,7,2,499,0,998.0,Cash,Online
10475,2025-11-23,177,1,3,499,20,1197.6,Card,Online
11415,2025-11-23,33,8,4,3999,0,15996.0,UPI,Store
10994,2025-11-24,43,13,4,4999,10,17996.4,Cash,Online
10734,2025-11-25,216,8,5,3999,0,19995.0,Net Banking,Store
11384,2025-11-25,138,27,5,1499,15,6370.75,Card,Store
10018,2025-11-25,147,8,1,3999,5,3799.05,UPI,Store
10550,2025-11-25,113,9,4,799,0,3196.0,Net Banking,Online
10843,2025-11-26,78,2,5,4999,0,24995.0,Card,Online
10538,2025-11-26,177,22,2,1499,5,2848.1,UPI,Online
10495,2025-11-26,94,25,3,4999,5,14247.15,Card,Online
11153,2025-11-27,54,20,4,1999,0,7996.0,Card,Online
11183,2025-11-27,202,14,3,4999,5,14247.15,UPI,Store
10151,2025-11-28,30,20,1,1999,5,1899.05,Card,Store
10922,2025-11-29,14,2,5,4999,10,22495.5,UPI,Online
10728,2025-11-29,49,5,4,1999,5,7596.2,Cash,Store
10632,2025-11-30,223,18,2,499,0,998.0,Card,Online
11114,2025-11-30,123,17,3,2499,0,7497.0,Card,Online
11464,2025-11-30,72,7,4,499,10,1796.4,UPI,Store
10275,2025-11-30,44,21,2,2499,10,4498.2,Card,Store
11094,2025-11-30,111,21,5,2499,0,12495.0,UPI,Online
10799,2025-12-02,99,28,1,6999,10,6299.1,Card,Online
10105,2025-12-02,21,30,4,1999,20,6396.8,Card,Online
10997,2025-12-02,34,8,1,3999,5,3799.05,Card,Online
11363,2025-12-03,109,25,1,4999,10,4499.1,Net Banking,Store
10816,2025-12-03,190,23,4,799,0,3196.0,Card,Online
10855,2025-12-04,200,1,2,499,5,948.1,UPI,Store
11478,2025-12-05,163,3,4,3999,10,14396.4,Cash,Online
10524,2025-12-05,90,17,2,2499,0,4998.0,UPI,Store
11196,2025-12-05,248,15,3,4999,10,13497.3,UPI,Online
10510,2025-12-05,50,27,2,1499,10,2698.2,UPI,Online
11387,2025-12-05,17,11,1,2499,0,2499.0,UPI,Online
10631,2025-12-05,30,25,2,4999,0,9998.0,UPI,Store
10170,2025-12-05,30,8,2,3999,0,7998.0,UPI,Online
10367,2025-12-05,166,9,1,799,15,679.15,Card,Store
10608,2025-12-06,120,15,4,4999,15,16996.6,Card,Store
10952,2025-12-06,62,29,5,2499,0,12495.0,Cash,Online
10260,2025-12-06,209,10,5,499,10,2245.5,UPI,Online
10181,2025-12-07,17,5,2,1999,5,3798.1,Net Banking,Online
11098,2025-12-08,60,16,4,6999,10,25196.4,UPI,Store
11149,2025-12-08,135,3,5,3999,0,19995.0,Card,Store
11329,2025-12-08,82,2,3,4999,5,14247.15,Card,Online
10725,2025-12-09,60,7,2,499,10,898.2,UPI,Store
10723,2025-12-10,40,25,2,4999,15,8498.3,Card,Online
10141,2025-12-10,198,12,2,14999,0,29998.0,UPI,Online
10142,2025-12-11,214,8,4,3999,0,15996.0,UPI,Online
11128,2025-12-12,231,4,3,1999,5,5697.15,UPI,Online
10081,2025-12-12,243,1,2,499,20,798.4,Card,Online
11201,2025-12-12,181,5,4,1999,0,7996.0,UPI,Online
10980,2025-12-12,88,9,1,799,0,799.0,Card,Store
10387,2025-12-13,156,15,2,4999,10,8998.2,UPI,Online
10166,2025-12-13,93,15,1,4999,10,4499.1,Card,Store
11155,2025-12-13,244,24,2,9999,0,19998.0,Card,Online
10340,2025-12-13,52,16,4,6999,5,26596.2,Net Banking,Online
10437,2025-12-14,61,24,4,9999,20,31996.8,Card,Store
10205,2025-12-14,112,8,4,3999,5,15196.2,UPI,Online
10955,2025-12-14,102,6,4,9999,0,39996.0,Cash,Online
10555,2025-12-14,85,18,4,499,0,1996.0,Net Banking,Store
10098,2025-12-15,2,3,1,3999,5,3799.05,Cash,Online
10964,2025-12-15,186,17,2,2499,10,4498.2,UPI,Online
10307,2025-12-15,242,23,5,799,5,3795.25,Card,Store
10038,2025-12-16,159,13,2,4999,0,9998.0,Card,Store
11407,2025-12-16,131,13,3,4999,0,14997.0,Card,Online
10685,2025-12-18,141,1,4,499,0,1996.0,UPI,Store
10687,2025-12-19,2,27,3,1499,10,4047.3,UPI,Online
11154,2025-12-19,143,27,5,1499,15,6370.75,UPI,Online
11418,2025-12-19,93,13,3,4999,10,13497.3,UPI,Online
11042,2025-12-20,211,18,4,499,10,1796.4,UPI,Online
10985,2025-12-20,66,20,5,1999,10,8995.5,Cash,Online
10100,2025-12-21,10,13,1,4999,5,4749.05,UPI,Store
11331,2025-12-21,136,20,4,1999,0,7996.0,Card,Online
10191,2025-12-21,157,4,5,1999,0,9995.0,UPI,Online
10225,2025-12-21,248,11,1,2499,5,2374.05,Card,Online
11451,2025-12-22,113,30,2,1999,0,3998.0,Net Banking,Store
10059,2025-12-22,243,30,5,1999,5,9495.25,Card,Online
10857,2025-12-22,194,21,3,2499,0,7497.0,UPI,Store
10175,2025-12-22,18,9,2,799,0,1598.0,Card,Online
10368,2025-12-23,157,8,5,3999,10,17995.5,Cash,Online
10408,2025-12-23,181,29,3,2499,0,7497.0,Cash,Online
11350,2025-12-23,11,16,3,6999,10,18897.3,Net Banking,Store
10693,2025-12-23,194,29,4,2499,0,9996.0,Cash,Online
10782,2025-12-23,101,8,2,3999,5,7598.1,Card,Store
11228,2025-12-23,137,9,3,799,10,2157.3,UPI,Store
11294,2025-12-23,45,12,1,14999,5,14249.05,UPI,Store
10194,2025-12-24,95,16,3,6999,5,19947.15,UPI,Online
11056,2025-12-24,55,11,3,2499,0,7497.0,Net Banking,Store
11366,2025-12-25,233,1,4,499,0,1996.0,Card,Online
11165,2025-12-25,99,12,1,14999,15,12749.15,UPI,Store
10663,2025-12-25,168,30,2,1999,20,3198.4,Card,Store
10247,2025-12-25,131,3,2,3999,0,7998.0,Card,Online
10567,2025-12-26,44,27,4,1499,0,5996.0,UPI,Store
10951,2025-12-26,200,28,4,6999,0,27996.0,UPI,Online
10993,2025-12-26,207,21,1,2499,0,2499.0,Net Banking,Store
11020,2025-12-27,160,28,4,6999,5,26596.2,Net Banking,Online
10992,2025-12-27,84,14,1,4999,5,4749.05,Card,Store
10929,2025-12-27,211,28,2,6999,15,11898.3,Cash,Online
11058,2025-12-28,173,8,3,3999,0,11997.0,UPI,Online
10618,2025-12-29,210,3,4,3999,5,15196.2,UPI,Online
11212,2025-12-29,76,27,5,1499,10,6745.5,Card,Online
10019,2025-12-31,118,11,2,2499,0,4998.0,Card,Online
11072,2025-12-31,153,17,5,2499,5,11870.25,Card,Online
11054,2025-12-31,77,14,4,4999,5,18996.2,UPI,Store
10583,2026-01-01,15,24,3,9999,5,28497.15,UPI,Online
10102,2026-01-01,171,28,3,6999,0,20997.0,Card,Online
10397,2026-01-02,155,8,4,3999,5,15196.2,Cash,Online
10276,2026-01-02,243,24,1,9999,0,9999.0,UPI,Online
11250,2026-01-03,112,6,2,9999,5,18998.1,Card,Online
10783,2026-01-03,233,16,1,6999,5,6649.05,Net Banking,Online
10394,2026-01-04,136,14,5,4999,5,23745.25,UPI,Store
10299,2026-01-04,157,2,1,4999,0,4999.0,Card,Online
11082,2026-01-04,171,21,1,2499,5,2374.05,UPI,Online
10244,2026-01-04,177,10,1,499,15,424.15,UPI,Online
10041,2026-01-04,201,3,4,3999,10,14396.4,UPI,Online
10638,2026-01-05,68,5,4,1999,5,7596.2,Card,Store
11408,2026-01-05,119,1,2,499,0,998.0,Card,Store
10268,2026-01-05,142,24,4,9999,15,33996.6,Net Banking,Online
11004,2026-01-06,248,5,1,1999,10,1799.1,Card,Online
10297,2026-01-06,91,26,1,3999,0,3999.0,UPI,Online
11438,2026-01-07,61,11,3,2499,0,7497.0,Card,Store
11255,2026-01-07,247,30,2,1999,10,3598.2,UPI,Store
10943,2026-01-08,184,26,3,3999,5,11397.15,UPI,Store
10673,2026-01-08,193,17,2,2499,0,4998.0,UPI,Online
10666,2026-01-08,44,26,2,3999,10,7198.2,Net Banking,Online
10750,2026-01-09,183,3,2,3999,10,7198.2,Card,Online
10480,2026-01-09,204,29,1,2499,0,2499.0,Net Banking,Store
11237,2026-01-09,170,17,4,2499,5,,UPI,Online
11226,2026-01-10,81,11,5,2499,0,12495.0,Card,Online
11106,2026-01-10,119,3,1,3999,0,3999.0,UPI,Online
10517,2026-01-11,182,18,1,499,0,499.0,Cash,Online
10032,2026-01-11,90,1,1,499,5,474.05,UPI,Online
10119,2026-01-12,235,26,5,3999,5,18995.25,Card,Online
10153,2026-01-13,98,4,2,1999,0,3998.0,Card,Online
11487,2026-01-13,68,16,4,6999,10,25196.4,UPI,Store
10584,2026-01-14,233,16,4,6999,10,25196.4,Card,Online
11045,2026-01-16,239,5,1,1999,10,1799.1,Net Banking,Store
11345,2026-01-17,156,23,3,799,0,2397.0,Card,Store
11471,2026-01-17,80,29,5,2499,0,12495.0,Net Banking,Online
10442,2026-01-17,13,27,2,1499,20,2398.4,UPI,Online
10703,2026-01-17,170,23,1,799,0,799.0,Net Banking,Store
10318,2026-01-18,97,5,4,1999,5,7596.2,UPI,Online
11181,2026-01-18,90,4,2,1999,10,3598.2,UPI,Online
10273,2026-01-18,248,5,3,1999,0,5997.0,Card,Store
11090,2026-01-18,22,1,1,499,10,449.1,UPI,Store
11111,2026-01-18,181,12,2,14999,5,28498.1,UPI,Online
11151,2026-01-18,178,26,1,3999,5,3799.05,Card,Online
10565,2026-01-19,228,19,2,6999,5,13298.1,Cash,Store
10164,2026-01-19,107,2,2,4999,0,9998.0,Card,Online
11125,2026-01-20,168,25,1,4999,0,4999.0,UPI,Online
10034,2026-01-21,103,16,1,6999,0,6999.0,UPI,Store
10509,2026-01-21,71,26,3,3999,15,10197.45,Card,Online
10011,2026-01-21,73,10,2,499,5,948.1,Card,Store
10570,2026-01-22,69,22,2,1499,5,2848.1,Card,Online
10864,2026-01-23,48,2,3,4999,15,12747.45,Card,Online
11378,2026-01-23,243,25,1,4999,5,4749.05,UPI,Online
10015,2026-01-23,202,13,2,4999,5,9498.1,UPI,Online
10287,2026-01-23,169,30,3,1999,0,5997.0,Card,Store
10047,2026-01-24,68,30,3,1999,5,5697.15,UPI,Online
10492,2026-01-24,33,21,2,2499,5,4748.1,UPI,Store
11215,2026-01-24,61,11,5,2499,5,11870.25,UPI,Online
10167,2026-01-25,32,17,1,2499,0,2499.0,UPI,Store
10246,2026-01-25,76,24,5,9999,20,39996.0,Card,Online
11265,2026-01-26,223,28,4,6999,10,25196.4,UPI,Store
11025,2026-01-26,104,2,3,4999,0,14997.0,UPI,Online
11323,2026-01-26,27,4,4,1999,0,7996.0,UPI,Store
10645,2026-01-27,249,25,3,4999,0,14997.0,Card,Online
10302,2026-01-27,199,9,1,799,5,759.05,UPI,Online
10989,2026-01-28,170,24,1,9999,5,9499.05,UPI,Online
11101,2026-01-28,116,10,3,499,0,1497.0,Cash,Store
10720,2026-01-28,99,11,1,2499,0,2499.0,UPI,Online
10178,2026-01-29,76,29,2,2499,0,4998.0,UPI,Store
11034,2026-01-29,200,20,1,1999,10,1799.1,UPI,Online
10873,2026-01-29,40,19,2,6999,0,13998.0,UPI,Online
10089,2026-01-30,165,7,5,499,0,2495.0,Card,Online
10611,2026-01-30,123,26,2,3999,0,7998.0,Card,Store
11037,2026-01-31,106,16,1,6999,10,6299.1,Card,Store
10568,2026-01-31,79,1,5,499,10,2245.5,UPI,Store
10107,2026-01-31,84,30,2,1999,0,3998.0,UPI,Online
10988,2026-02-01,226,16,3,6999,5,19947.15,Card,Online
10849,2026-02-01,215,21,3,2499,20,5997.6,Card,Store
10640,2026-02-01,152,13,4,4999,5,18996.2,UPI,Store
10755,2026-02-02,104,26,3,3999,10,10797.3,Card,Online
11238,2026-02-02,188,19,3,6999,0,20997.0,UPI,Store
10003,2026-02-04,232,9,3,799,0,2397.0,Card,Store
10694,2026-02-04,194,2,2,4999,5,9498.1,UPI,Online
10188,2026-02-04,173,11,4,2499,5,9496.2,UPI,Store
10543,2026-02-05,61,15,4,4999,20,15996.8,UPI,Online
10684,2026-02-05,242,15,2,4999,0,9998.0,Net Banking,Store
10202,2026-02-05,131,28,1,6999,10,6299.1,UPI,Store
11057,2026-02-05,114,25,3,4999,15,12747.45,UPI,Store
10830,2026-02-06,132,23,3,799,10,2157.3,Card,Online
10319,2026-02-06,70,24,4,9999,5,37996.2,UPI,Store
11370,2026-02-06,232,27,5,1499,15,6370.75,UPI,Online
11027,2026-02-06,177,29,1,2499,0,2499.0,UPI,Online
10561,2026-02-06,86,21,2,2499,5,4748.1,UPI,Online
11314,2026-02-07,76,14,2,4999,10,8998.2,UPI,Store
10831,2026-02-08,247,2,4,4999,15,16996.6,Net Banking,Online
10251,2026-02-08,78,15,1,4999,10,4499.1,UPI,Online
10572,2026-02-08,33,29,5,2499,5,11870.25,Card,Store
10252,2026-02-08,234,27,1,1499,5,1424.05,UPI,Store
11028,2026-02-08,87,25,2,4999,20,7998.4,Cash,Online
10419,2026-02-08,133,17,5,2499,0,12495.0,UPI,Store
10692,2026-02-09,64,25,2,4999,0,9998.0,Net Banking,Online
11085,2026-02-09,188,8,2,3999,0,7998.0,UPI,Online
10936,2026-02-09,188,4,3,1999,10,5397.3,UPI,Online
10815,2026-02-10,135,23,1,799,15,679.15,Cash,Online
10364,2026-02-10,229,3,2,3999,0,7998.0,UPI,Store
10006,2026-02-10,245,1,4,499,5,1896.2,Net Banking,Store
10712,2026-02-11,52,14,1,4999,5,4749.05,Card,Online
11142,2026-02-11,24,14,2,4999,15,8498.3,Card,Store
10109,2026-02-11,38,27,1,1499,10,1349.1,Card,Online
10483,2026-02-11,12,4,4,1999,5,7596.2,UPI,Online
11295,2026-02-12,149,28,3,6999,5,19947.15,Card,Online
11373,2026-02-12,128,21,5,2499,10,11245.5,UPI,Online
11095,2026-02-12,209,4,3,1999,20,4797.6,Card,Store
11013,2026-02-12,22,12,2,14999,10,26998.2,UPI,Store
10869,2026-02-12,2,23,3,799,5,2277.15,Net Banking,Online
11264,2026-02-13,164,22,1,1499,0,1499.0,Card,Online
11014,2026-02-14,194,17,3,2499,0,7497.0,Net Banking,Online
10204,2026-02-14,54,8,3,3999,15,10197.45,UPI,Online
10954,2026-02-14,58,13,3,4999,20,11997.6,Card,Store
11322,2026-02-14,12,16,3,6999,0,20997.0,UPI,Online
10348,2026-02-15,235,8,2,3999,10,7198.2,UPI,Online
11069,2026-02-15,72,29,1,2499,20,1999.2,UPI,Store
10637,2026-02-15,188,10,2,499,5,948.1,UPI,Store
11318,2026-02-15,90,15,3,4999,10,13497.3,Card,Online
11019,2026-02-15,77,9,3,799,5,2277.15,UPI,Online
11332,2026-02-15,162,25,3,4999,0,14997.0,Net Banking,Online
10965,2026-02-16,233,20,2,1999,20,3198.4,Card,Store
11473,2026-02-16,9,2,5,4999,0,24995.0,Card,Store
10035,2026-02-16,110,23,1,799,15,679.15,Net Banking,Online
11484,2026-02-16,123,27,3,1499,0,4497.0,UPI,Online
10760,2026-02-16,47,18,5,499,0,2495.0,UPI,Store
10068,2026-02-17,181,5,4,1999,5,7596.2,UPI,Store
11399,2026-02-17,166,1,4,499,15,1696.6,Net Banking,Store
10043,2026-02-18,183,26,2,3999,15,6798.3,Card,Online
11392,2026-02-18,154,30,3,1999,15,5097.45,Net Banking,Online
11335,2026-02-19,158,9,5,799,10,3595.5,Card,Store
10644,2026-02-19,87,27,2,1499,5,2848.1,UPI,Online
10271,2026-02-19,199,9,1,799,15,679.15,UPI,Online
10838,2026-02-19,72,10,1,499,10,449.1,UPI,Store
10174,2026-02-20,210,4,3,1999,5,5697.15,Net Banking,Online
11251,2026-02-21,15,22,5,1499,0,7495.0,Cash,Online
11146,2026-02-21,108,5,5,1999,10,8995.5,Card,Online
10104,2026-02-21,141,16,2,6999,0,13998.0,UPI,Online
10245,2026-02-21,137,1,3,499,0,1497.0,UPI,Online
10641,2026-02-21,158,3,3,3999,0,11997.0,UPI,Store
11144,2026-02-22,1,11,3,2499,5,7122.15,UPI,Online
10792,2026-02-22,41,21,5,2499,5,11870.25,Card,Online
11077,2026-02-23,82,23,5,799,5,3795.25,UPI,Store
10745,2026-02-24,61,9,3,799,0,2397.0,UPI,Online
11091,2026-02-24,250,25,1,4999,0,4999.0,Net Banking,Store
10118,2026-02-24,197,26,5,3999,5,18995.25,UPI,Store
10031,2026-02-25,145,5,3,1999,5,,Net Banking,Store
10661,2026-02-26,1,1,5,499,5,2370.25,Net Banking,Online
10840,2026-02-26,30,21,1,2499,15,2124.15,UPI,Online
10795,2026-02-26,109,15,5,4999,5,23745.25,Cash,Online
10028,2026-02-26,217,16,2,6999,15,11898.3,UPI,Store
11182,2026-02-27,250,5,2,1999,5,3798.1,Cash,Online
10248,2026-02-27,226,23,1,799,0,799.0,UPI,Store
11290,2026-02-27,224,7,1,499,10,449.1,Card,Online
11417,2026-02-27,6,21,3,2499,5,7122.15,UPI,Online
10528,2026-02-27,37,26,4,3999,0,15996.0,Card,Online
10309,2026-02-28,54,23,2,799,0,1598.0,UPI,Online
10581,2026-02-28,135,3,5,3999,0,19995.0,Card,Online
11419,2026-03-01,243,13,2,4999,0,9998.0,Net Banking,Online
10439,2026-03-01,180,27,1,1499,10,1349.1,UPI,Online
11066,2026-03-01,73,6,3,9999,10,26997.3,UPI,Online
10884,2026-03-01,24,19,1,6999,0,6999.0,Card,Store
10212,2026-03-01,25,9,4,799,20,2556.8,UPI,Online
10411,2026-03-02,179,10,2,499,5,948.1,Card,Online
10283,2026-03-02,50,11,2,2499,10,4498.2,UPI,Online
10701,2026-03-02,211,28,3,6999,0,20997.0,UPI,Online
10182,2026-03-03,6,22,5,1499,0,7495.0,UPI,Online
10468,2026-03-03,87,12,5,14999,5,71245.25,UPI,Online
10386,2026-03-04,110,14,1,4999,0,4999.0,Card,Online
10696,2026-03-04,193,15,4,4999,10,17996.4,Cash,Online
11254,2026-03-06,190,23,4,799,0,3196.0,UPI,Store
10979,2026-03-07,15,22,4,1499,0,5996.0,Net Banking,Online
10400,2026-03-07,164,28,2,6999,0,13998.0,Card,Store
11206,2026-03-08,51,26,4,3999,5,15196.2,UPI,Online
10431,2026-03-08,231,4,1,1999,15,1699.15,UPI,Store
10384,2026-03-09,57,22,1,1499,0,1499.0,Card,Online
10956,2026-03-10,7,2,5,4999,15,21245.75,UPI,Online
10587,2026-03-10,158,9,5,799,10,3595.5,UPI,Online
10103,2026-03-10,229,22,3,1499,0,4497.0,Cash,Store
10224,2026-03-10,163,11,2,2499,10,4498.2,UPI,Store
10950,2026-03-10,195,19,2,6999,0,13998.0,Card,Store
10654,2026-03-11,15,3,5,3999,5,18995.25,Card,Online
11227,2026-03-11,160,2,3,4999,0,14997.0,UPI,Online
10975,2026-03-12,5,24,3,9999,5,28497.15,Card,Online
11176,2026-03-12,126,14,1,4999,5,4749.05,Cash,Online
10706,2026-03-12,143,13,4,4999,0,19996.0,Cash,Online
10548,2026-03-13,204,6,1,9999,0,9999.0,UPI,Online
11266,2026-03-14,69,24,1,9999,0,9999.0,Cash,Store
11467,2026-03-14,7,24,2,9999,0,19998.0,Card,Store
10057,2026-03-14,93,9,2,799,0,1598.0,UPI,Online
10230,2026-03-14,108,1,1,499,0,499.0,Card,Online
10254,2026-03-14,210,14,5,4999,10,22495.5,Net Banking,Store
10169,2026-03-15,33,29,4,2499,5,9496.2,Card,Store
11063,2026-03-16,247,2,2,4999,0,9998.0,UPI,Online
10719,2026-03-16,36,26,1,3999,10,3599.1,Net Banking,Online
10304,2026-03-17,137,27,2,1499,10,2698.2,UPI,Online
11131,2026-03-18,140,12,1,14999,20,11999.2,Card,Online
10189,2026-03-18,145,16,1,6999,10,6299.1,Card,Online
11129,2026-03-20,84,5,3,1999,0,5997.0,Card,Store
10544,2026-03-20,196,27,4,1499,0,5996.0,Card,Online
10396,2026-03-21,46,27,1,1499,5,1424.05,UPI,Store
10505,2026-03-22,25,1,2,499,10,,Card,Online
10813,2026-03-22,25,3,4,3999,10,14396.4,UPI,Online
11166,2026-03-22,161,13,3,4999,15,12747.45,UPI,Store
10935,2026-03-23,90,29,1,2499,0,2499.0,Card,Online
10934,2026-03-23,13,8,1,3999,5,3799.05,UPI,Online
11308,2026-03-24,150,18,1,499,10,449.1,Net Banking,Online
11486,2026-03-24,36,21,5,2499,0,12495.0,Net Banking,Online
11258,2026-03-25,6,26,1,3999,0,3999.0,Card,Online
10201,2026-03-25,241,3,5,3999,10,17995.5,UPI,Store
11296,2026-03-26,226,12,3,14999,5,42747.15,UPI,Online
10557,2026-03-26,46,7,3,499,5,1422.15,UPI,Online
11304,2026-03-26,165,27,4,1499,5,5696.2,Card,Store
11342,2026-03-26,26,23,3,799,5,2277.15,UPI,Online
10234,2026-03-26,9,23,1,799,0,799.0,UPI,Online
10893,2026-03-27,151,17,1,2499,0,2499.0,Card,Online
10573,2026-03-27,4,10,3,499,5,1422.15,UPI,Online
11394,2026-03-28,105,8,4,3999,10,14396.4,Card,Online
10010,2026-03-28,124,12,5,14999,5,71245.25,Card,Online
10957,2026-03-28,86,29,4,2499,0,9996.0,UPI,Store
11051,2026-03-28,221,10,3,499,10,1347.3,Net Banking,Store
11376,2026-03-29,191,12,1,14999,0,14999.0,UPI,Online
10941,2026-03-29,56,26,1,3999,0,3999.0,Card,Online
11425,2026-03-30,149,10,3,499,0,1497.0,Card,Online
11216,2026-03-31,247,7,5,499,0,2495.0,Net Banking,Store
11256,2026-03-31,139,18,5,499,5,2370.25,Card,Online
10903,2026-04-01,52,27,2,1499,0,2998.0,Cash,Store
10050,2026-04-02,142,23,2,799,20,1278.4,Net Banking,Online
10835,2026-04-02,41,27,5,1499,10,6745.5,Cash,Online
10620,2026-04-02,28,8,5,3999,5,18995.25,UPI,Online
10067,2026-04-02,126,17,3,2499,10,6747.3,Card,Online
10629,2026-04-04,167,13,4,4999,0,19996.0,UPI,Online
11421,2026-04-04,95,8,4,3999,0,15996.0,UPI,Online
11427,2026-04-04,131,5,1,1999,0,1999.0,Net Banking,Online
10056,2026-04-04,139,19,4,6999,10,25196.4,UPI,Store
10095,2026-04-04,231,24,2,9999,0,19998.0,Cash,Online
10931,2026-04-04,105,12,1,14999,5,14249.05,UPI,Store
11178,2026-04-04,190,23,2,799,10,1438.2,UPI,Online
10939,2026-04-04,132,2,3,4999,10,13497.3,UPI,Online
10470,2026-04-05,166,11,1,2499,0,2499.0,Net Banking,Online
10063,2026-04-06,134,11,3,2499,0,7497.0,UPI,Store
11409,2026-04-06,181,13,4,4999,15,16996.6,Cash,Online
11138,2026-04-06,46,6,2,9999,0,19998.0,UPI,Online
10096,2026-04-06,145,16,4,6999,10,25196.4,UPI,Store
10569,2026-04-07,46,29,4,2499,0,9996.0,Card,Online
10114,2026-04-07,117,14,4,4999,5,,Net Banking,Online
11006,2026-04-07,19,7,4,499,0,1996.0,Net Banking,Online
10814,2026-04-07,155,6,4,9999,10,35996.4,Card,Online
11119,2026-04-08,250,12,3,14999,0,44997.0,UPI,Online
10833,2026-04-08,12,27,4,1499,15,5096.6,UPI,Online
10854,2026-04-08,229,5,1,1999,0,1999.0,UPI,Store
10133,2026-04-08,38,17,5,2499,0,12495.0,Card,Online
10627,2026-04-08,193,4,1,1999,5,1899.05,Cash,Store
10518,2026-04-09,191,26,3,3999,5,11397.15,Card,Online
10866,2026-04-10,199,13,1,4999,5,4749.05,UPI,Online
10128,2026-04-10,68,10,5,499,10,2245.5,UPI,Online
11289,2026-04-10,157,23,4,799,5,3036.2,UPI,Online
10120,2026-04-11,83,12,5,14999,5,71245.25, upi ,Store
10280,2026-04-11,48,19,2,6999,5,13298.1,Cash,Online
10522,2026-04-11,44,2,1,4999,0,4999.0,UPI,Online
10826,2026-04-11,111,21,2,2499,0,4998.0,UPI,Online
10284,2026-04-11,242,3,5,3999,5,18995.25,UPI,Online
10435,2026-04-11,184,14,4,4999,0,19996.0,UPI,Store
11482,2026-04-11,222,24,3,9999,0,29997.0,UPI,Online
10371,2026-04-12,127,12,5,14999,0,74995.0,Cash,Store
10097,2026-04-12,245,2,3,4999,0,14997.0,Card,Online
11120,2026-04-12,185,17,4,2499,5,,UPI,Online
11347,2026-04-12,174,6,3,9999,15,25497.45,Card,Online
10012,2026-04-13,243,20,1,1999,0,1999.0,UPI,Online
11123,2026-04-13,103,8,5,3999,10,17995.5,UPI,Store
10530,2026-04-13,69,20,2,1999,5,3798.1,Card,Store
10317,2026-04-13,216,2,1,4999,5,4749.05,Card,Online
10262,2026-04-14,39,28,1,6999,10,6299.1,Card,Online
10217,2026-04-15,57,9,3,799,15,2037.45,Net Banking,Online
11168,2026-04-15,104,29,4,2499,10,8996.4,Cash,Online
11068,2026-04-15,139,10,3,499,10,1347.3,Card,Online
11452,2026-04-15,23,3,3,3999,0,11997.0,UPI,Online
11302,2026-04-15,51,25,2,4999,0,9998.0,Card,Online
10676,2026-04-15,170,8,5,3999,0,19995.0,Card,Online
10559,2026-04-16,58,19,2,6999,0,13998.0,Net Banking,Online
10705,2026-04-16,143,25,4,4999,10,17996.4,UPI,Online
10389,2026-04-16,213,22,4,1499,5,5696.2,UPI,Online
10491,2026-04-17,88,30,2,1999,0,3998.0,UPI,Online
10479,2026-04-17,158,8,1,3999,0,3999.0,UPI,Online
10456,2026-04-17,163,12,2,14999,20,23998.4,Card,Store
10250,2026-04-18,12,26,1,3999,0,3999.0,UPI,Online
10704,2026-04-18,2,8,1,3999,20,3199.2,UPI,Online
10295,2026-04-19,155,30,3,1999,10,5397.3,UPI,Store
10184,2026-04-19,131,22,4,1499,0,5996.0,Cash,Store
11075,2026-04-21,232,4,3,1999,15,5097.45,Card,Online
11360,2026-04-22,207,27,5,1499,5,7120.25,UPI,Online
10215,2026-04-23,50,11,1,2499,10,2249.1,UPI,Online
11112,2026-04-23,232,1,1,499,10,449.1,UPI,Store
10378,2026-04-23,238,6,5,9999,5,47495.25,Net Banking,Online
10628,2026-04-23,249,18,4,499,0,1996.0,Cash,Store
10913,2026-04-23,114,26,3,3999,0,11997.0,Cash,Online
10868,2026-04-23,241,18,1,499,0,499.0,Cash,Store
11356,2026-04-23,104,27,1,1499,5,1424.05,Net Banking,Online
10794,2026-04-24,160,30,5,1999,15,8495.75,UPI,Online
10863,2026-04-25,200,2,2,4999,0,9998.0,UPI,Store
11197,2026-04-25,28,10,5,499,0,2495.0,Card,Store
11274,2026-04-25,6,13,5,4999,0,24995.0,UPI,Online
10171,2026-04-25,221,21,4,2499,0,9996.0,Net Banking,Online
10971,2026-04-25,16,6,1,9999,0,9999.0,UPI,Store
10686,2026-04-25,67,16,4,6999,0,27996.0,Cash,Online
10341,2026-04-26,71,17,4,2499,0,9996.0,Net Banking,Online
10683,2026-04-26,86,27,3,1499,15,3822.45,Net Banking,Store
10604,2026-04-26,21,6,3,9999,0,29997.0,Card,Online
10111,2026-04-27,60,22,4,1499,5,5696.2,UPI,Store
10762,2026-04-27,116,30,4,1999,5,7596.2,Card,Online
10785,2026-04-28,101,23,5,799,10,3595.5,UPI,Online
11210,2026-04-29,209,28,3,6999,0,20997.0,Card,Store
11061,2026-04-30,28,27,1,1499,0,1499.0,Card,Store
10882,2026-04-30,247,17,3,2499,0,7497.0,UPI,Online
10722,2026-04-30,187,5,1,1999,0,1999.0,Card,Online
10294,2026-04-30,244,8,1,3999,15,3399.15,UPI,Online
10345,2026-04-30,96,10,4,499,0,1996.0,Cash,Online
10576,2026-05-01,76,15,4,4999,0,19996.0,UPI,Online
10662,2026-05-01,171,2,1,4999,5,4749.05,UPI,Online
11468,2026-05-01,212,15,2,4999,0,9998.0,Net Banking,Store
10359,2026-05-02,38,11,4,2499,0,9996.0,Card,Online
11422,2026-05-02,55,23,3,799,0,2397.0,Card,Online
11012,2026-05-03,146,5,5,1999,10,8995.5,UPI,Store
11441,2026-05-03,120,18,1,499,0,499.0,Card,Store
11270,2026-05-03,14,26,4,3999,20,12796.8,Cash,Online
11031,2026-05-04,18,17,4,2499,0,9996.0,UPI,Online
11416,2026-05-04,184,11,3,2499,10,6747.3,UPI,Online
10848,2026-05-05,146,14,1,4999,10,4499.1,Card,Store
10274,2026-05-05,16,2,5,4999,0,24995.0,UPI,Store
10602,2026-05-05,116,9,3,799,5,2277.15,UPI,Online
10527,2026-05-05,201,5,1,1999,10,,Card,Online
10354,2026-05-05,13,17,2,2499,5,4748.1,Cash,Online
10441,2026-05-06,153,13,4,4999,5,18996.2,Card,Online
10398,2026-05-08,81,15,3,4999,15,12747.45,UPI,Store
10285,2026-05-08,50,23,3,799,0,2397.0,UPI,Online
10796,2026-05-08,196,13,1,4999,5,4749.05,Card,Online
10007,2026-05-08,82,21,1,2499,15,2124.15,Cash,Online
10702,2026-05-09,54,21,4,2499,10,8996.4,Cash,Store
10176,2026-05-09,72,25,5,4999,0,24995.0,Card,Online
11257,2026-05-10,45,9,4,799,0,3196.0,UPI,Online
11038,2026-05-11,39,1,1,499,0,499.0,Cash,Online
10078,2026-05-11,65,26,3,3999,10,10797.3,UPI,Online
10257,2026-05-11,71,22,4,1499,20,4796.8,Net Banking,Online
10124,2026-05-12,94,30,3,1999,10,5397.3,UPI,Store
10360,2026-05-12,49,18,2,499,20,798.4,Card,Online
10539,2026-05-12,38,10,1,499,5,474.05,UPI,Online
11084,2026-05-13,19,1,1,499,0,499.0,Card,Online
11071,2026-05-14,112,17,1,2499,10,2249.1,Cash,Online
10678,2026-05-14,204,17,4,2499,5,9496.2,Card,Online
11134,2026-05-14,241,26,2,3999,0,7998.0,Net Banking,Online
10921,2026-05-15,119,10,4,499,5,1896.2,Card,Online
10477,2026-05-15,150,9,2,799,5,1518.1,Card,Online
10324,2026-05-15,23,13,4,4999,10,17996.4,Cash,Store
11275,2026-05-15,6,8,3,3999,10,10797.3,Net Banking,Online
11083,2026-05-15,153,30,5,1999,0,9995.0,Card,Store
10140,2026-05-16,241,21,4,2499,0,9996.0,UPI,Online
10918,2026-05-16,141,16,4,6999,10,25196.4,UPI,Store
10073,2026-05-17,196,6,1,9999,5,9499.05,UPI,Store
11353,2026-05-17,144,12,4,14999,0,59996.0,UPI,Online
10534,2026-05-17,32,6,1,9999,0,9999.0,Card,Online
10500,2026-05-17,224,17,2,2499,5,4748.1,UPI,Online
10675,2026-05-18,75,23,1,799,5,759.05,Net Banking,Store
10051,2026-05-18,96,28,3,6999,10,18897.3,Card,Store
10942,2026-05-18,187,12,1,14999,0,14999.0,Card,Store
10984,2026-05-19,36,29,1,2499,15,2124.15,Net Banking,Store
10649,2026-05-20,54,20,4,1999,0,7996.0,UPI,Store
10593,2026-05-20,118,25,5,4999,10,22495.5,Card,Online
11136,2026-05-20,113,3,1,3999,10,3599.1,Cash,Store
10232,2026-05-20,108,7,1,499,0,499.0,Card,Online
10960,2026-05-20,178,27,1,1499,5,1424.05,Net Banking,Online
10037,2026-05-21,201,26,2,3999,5,7598.1,UPI,Online
10152,2026-05-22,26,11,4,2499,0,9996.0,UPI,Store
11470,2026-05-23,131,1,5,499,0,2495.0,Net Banking,Store
11463,2026-05-23,36,6,2,9999,0,19998.0,UPI,Store
10486,2026-05-23,115,24,1,9999,10,8999.1,UPI,Store
10947,2026-05-24,137,18,2,499,5,948.1,UPI,Online
10113,2026-05-24,51,5,4,1999,10,7196.4,UPI,Online
10721,2026-05-24,85,2,4,4999,0,19996.0,Net Banking,Store
11383,2026-05-24,48,16,2,6999,5,13298.1,UPI,Online
10243,2026-05-24,51,28,3,6999,0,20997.0,UPI,Store
10503,2026-05-25,141,22,4,1499,5,5696.2,UPI,Online
11198,2026-05-25,132,24,3,9999,5,28497.15,UPI,Online
10736,2026-05-26,161,5,1,1999,0,1999.0,UPI,Online
10413,2026-05-26,191,21,1,2499,10,2249.1,Cash,Store
11428,2026-05-26,184,12,5,14999,5,71245.25,Cash,Store
11259,2026-05-27,245,8,2,3999,5,7598.1,UPI,Store
11118,2026-05-27,151,25,5,4999,0,24995.0,Card,Store
11139,2026-05-27,107,11,3,2499,0,7497.0,UPI,Online
10659,2026-05-28,15,1,1,499,0,499.0,Card,Online
11203,2026-05-28,101,9,3,799,5,2277.15,Card,Store
10417,2026-05-28,148,10,2,499,5,948.1,UPI,Store
10079,2026-05-29,132,16,4,6999,0,27996.0,UPI,Store
10880,2026-05-29,119,19,5,6999,0,34995.0,UPI,Store
11067,2026-05-29,85,19,5,6999,10,31495.5,UPI,Store
10807,2026-05-29,131,5,3,1999,5,5697.15,Cash,Online
10651,2026-05-30,56,10,2,499,0,998.0,Card,Online
10844,2026-05-30,126,18,4,499,5,1896.2,Card,Online
11367,2026-06-01,134,29,2,2499,5,4748.1,Net Banking,Online
11191,2026-06-01,160,10,5,499,0,2495.0,Card,Online
11498,2026-06-02,111,10,5,499,0,2495.0,UPI,Store
11024,2026-06-02,179,28,3,6999,0,20997.0,UPI,Online
10697,2026-06-03,145,3,3,3999,0,11997.0,Card,Store
10391,2026-06-03,82,22,1,1499,10,1349.1,Card,Store
10998,2026-06-03,23,3,3,3999,15,10197.45,UPI,Online
10265,2026-06-04,18,28,3,6999,20,16797.6,Card,Store
10900,2026-06-04,76,7,1,499,0,499.0,UPI,Store
10239,2026-06-05,120,2,3,4999,10,13497.3,Cash,Store
10904,2026-06-05,85,25,2,4999,0,9998.0,Net Banking,Online
11357,2026-06-05,21,8,5,3999,0,19995.0,UPI,Online
11092,2026-06-05,56,19,5,6999,15,29745.75,Net Banking,Store
10802,2026-06-05,213,4,4,1999,15,6796.6,UPI,Store
10410,2026-06-06,43,10,1,499,0,499.0,Net Banking,Online
11359,2026-06-06,35,15,1,4999,5,4749.05,Card,Online
11135,2026-06-06,129,11,4,2499,5,9496.2,Card,Store
10754,2026-06-06,25,23,1,799,10,719.1,UPI,Store
10053,2026-06-08,73,24,4,9999,5,37996.2,UPI,Online
10024,2026-06-08,49,25,4,4999,0,19996.0,Net Banking,Online
10780,2026-06-08,236,25,1,4999,10,4499.1, upi ,Online
10346,2026-06-08,129,18,1,499,5,474.05,Card,Online
11087,2026-06-09,13,8,3,3999,15,10197.45,UPI,Store
10193,2026-06-09,29,25,4,4999,10,17996.4,Net Banking,Online
10909,2026-06-09,234,9,1,799,0,799.0,UPI,Online
10418,2026-06-09,125,6,5,9999,5,47495.25,Card,Online
10213,2026-06-10,129,25,5,4999,0,24995.0,UPI,Online
11483,2026-06-10,173,28,4,6999,5,26596.2,Card,Online
11113,2026-06-10,233,20,5,1999,0,9995.0,UPI,Store
10670,2026-06-10,67,1,1,499,15,424.15,UPI,Online
10180,2026-06-10,219,19,4,6999,10,25196.4,Net Banking,Online
10347,2026-06-10,167,10,5,499,0,2495.0,UPI,Store
10339,2026-06-10,216,28,5,6999,0,34995.0,Card,Online
11333,2026-06-10,62,18,1,499,10,449.1,Card,Online
10537,2026-06-13,208,22,2,1499,10,2698.2,UPI,Online
10196,2026-06-14,155,6,2,9999,15,16998.3,Card,Online
10203,2026-06-14,233,19,5,6999,10,31495.5,UPI,Store
10925,2026-06-15,205,12,3,14999,0,44997.0,Cash,Store
11358,2026-06-17,45,30,2,1999,10,3598.2,Net Banking,Online
10767,2026-06-17,53,16,1,6999,0,6999.0,Net Banking,Online
11102,2026-06-17,137,12,1,14999,0,14999.0,UPI,Online
10619,2026-06-18,248,9,1,799,5,759.05,UPI,Online
11240,2026-06-18,84,16,2,6999,15,11898.3,Net Banking,Online
10220,2026-06-18,244,12,1,14999,0,14999.0,Card,Online
10445,2026-06-18,5,26,5,3999,0,19995.0,UPI,Store
11140,2026-06-19,55,1,2,499,5,948.1,UPI,Online
10716,2026-06-19,203,10,2,499,20,798.4,UPI,Online
10351,2026-06-20,11,29,1,2499,0,2499.0,Net Banking,Online
11200,2026-06-20,160,9,2,799,5,1518.1,UPI,Online
10646,2026-06-21,140,12,3,14999,5,42747.15,UPI,Online
10168,2026-06-21,105,4,4,1999,5,7596.2,UPI,Online
10800,2026-06-21,230,15,4,4999,0,19996.0,Card,Online
10198,2026-06-22,11,19,1,6999,20,5599.2,Net Banking,Online
10540,2026-06-22,18,7,5,499,10,2245.5,Card,Online
10677,2026-06-22,250,15,4,4999,10,17996.4,UPI,Online
10363,2026-06-22,92,1,1,499,20,399.2,Card,Online
10173,2026-06-22,56,11,2,2499,20,3998.4,Card,Store
10427,2026-06-22,25,18,2,499,0,998.0,Cash,Online
10798,2026-06-22,53,17,4,2499,0,9996.0,Card,Online
10216,2026-06-23,102,9,1,799,15,679.15,Cash,Store
11005,2026-06-23,22,1,5,499,0,2495.0, upi ,Online
11009,2026-06-24,132,30,2,1999,15,3398.3,Net Banking,Online
10932,2026-06-24,237,16,3,6999,0,20997.0,UPI,Online
11349,2026-06-24,45,15,3,4999,10,13497.3,UPI,Online
10717,2026-06-24,192,23,4,799,0,3196.0,Net Banking,Online
11346,2026-06-25,151,21,2,2499,5,4748.1,UPI,Online
10052,2026-06-25,116,9,5,799,15,3395.75,Card,Online
10058,2026-06-25,81,28,5,6999,0,34995.0,Card,Online
11016,2026-06-26,158,12,4,14999,10,53996.4,UPI,Online
10590,2026-06-26,217,27,2,1499,15,2548.3,Card,Online
11230,2026-06-26,141,8,5,3999,0,19995.0,UPI,Store
10596,2026-06-27,223,12,2,14999,0,29998.0,UPI,Store
10968,2026-06-27,120,25,5,4999,10,22495.5,Cash,Online
10392,2026-06-28,193,30,4,1999,10,7196.4,UPI,Store
10087,2026-06-28,249,1,4,499,0,1996.0,UPI,Online
10529,2026-06-28,98,23,4,799,15,2716.6,Card,Online
10026,2026-06-28,26,12,3,14999,15,38247.45,UPI,Store
11490,2026-06-29,172,16,2,6999,0,13998.0,Cash,Store
10316,2026-06-29,115,16,1,6999,5,6649.05,Cash,Online
11143,2026-06-29,147,27,2,1499,0,2998.0,UPI,Store
10306,2026-06-30,136,13,5,4999,10,22495.5,UPI,Store
10139,2026-06-30,20,16,4,6999,0,27996.0,UPI,Online
11232,2026-06-30,127,3,2,3999,5,7598.1,Net Banking,Online
11188,2026-06-30,63,20,4,1999,0,7996.0,Card,Online
10379,2025-01-01,32,8,4,3999,5,15196.2,Card,Online
11286,2025-01-01,18,17,2,2499,5,4748.1,UPI,Online
11412,2025-01-01,79,16,3,6999,0,20997.0,UPI,Online
11229,2025-01-01,21,21,2,2499,0,4998.0,Cash,Store
10458,2025-01-01,196,8,3,3999,5,11397.15,Net Banking,Online
10452,2025-01-01,16,9,4,799,5,3036.2,Cash,Online
10919,2025-01-01,152,8,1,3999,0,3999.0,UPI,Online
10709,2025-01-02,221,11,5,2499,0,12495.0,Net Banking,Online
10966,2025-01-02,133,7,5,499,5,2370.25,Card,Online
10883,2025-01-02,56,1,1,499,10,449.1,Cash,Online
